score,judge,athlete,item,judge_athlete,judge_item,athlete_item
0,1,women1,=2A+3T,1,7,28
1,2,women1,=2A+3T,26,62,28
-2,3,women1,=2A+3T,51,117,28
-1,4,women1,=2A+3T,76,172,28
-4,5,women1,=2A+3T,101,227,28
-2,6,women1,=2A+3T,126,282,28
-2,7,women1,=2A+3T,151,337,28
-2,8,women1,=2A+3T,176,392,28
0,9,women1,=2A+3T,201,447,28
4,1,women1,=3Lz+1Eu+3S,1,28,114
2,2,women1,=3Lz+1Eu+3S,26,83,114
3,3,women1,=3Lz+1Eu+3S,51,138,114
3,4,women1,=3Lz+1Eu+3S,76,193,114
0,5,women1,=3Lz+1Eu+3S,101,248,114
3,6,women1,=3Lz+1Eu+3S,126,303,114
2,7,women1,=3Lz+1Eu+3S,151,358,114
2,8,women1,=3Lz+1Eu+3S,176,413,114
2,9,women1,=3Lz+1Eu+3S,201,468,114
2,1,women1,=4F,1,40,160
1,2,women1,=4F,26,95,160
3,3,women1,=4F,51,150,160
1,4,women1,=4F,76,205,160
2,5,women1,=4F,101,260,160
2,6,women1,=4F,126,315,160
1,7,women1,=4F,151,370,160
3,8,women1,=4F,176,425,160
3,9,women1,=4F,201,480,160
-1,1,women1,=4Lz,1,42,163
-2,2,women1,=4Lz,26,97,163
-1,3,women1,=4Lz,51,152,163
-1,4,women1,=4Lz,76,207,163
-1,5,women1,=4Lz,101,262,163
0,6,women1,=4Lz,126,317,163
-1,7,women1,=4Lz,151,372,163
-1,8,women1,=4Lz,176,427,163
1,9,women1,=4Lz,201,482,163
4,1,women1,=4Lz+3T,1,43,164
3,2,women1,=4Lz+3T,26,98,164
3,3,women1,=4Lz+3T,51,153,164
2,4,women1,=4Lz+3T,76,208,164
2,5,women1,=4Lz+3T,101,263,164
2,6,women1,=4Lz+3T,126,318,164
2,7,women1,=4Lz+3T,151,373,164
0,8,women1,=4Lz+3T,176,428,164
2,9,women1,=4Lz+3T,201,483,164
4,1,women1,=4S,1,44,165
4,2,women1,=4S,26,99,165
4,3,women1,=4S,51,154,165
3,4,women1,=4S,76,209,165
3,5,women1,=4S,101,264,165
3,6,women1,=4S,126,319,165
1,7,women1,=4S,151,374,165
2,8,women1,=4S,176,429,165
4,9,women1,=4S,201,484,165
-2,1,women1,=4T,1,45,167
-3,2,women1,=4T,26,100,167
-3,3,women1,=4T,51,155,167
-3,4,women1,=4T,76,210,167
-2,5,women1,=4T,101,265,167
-2,6,women1,=4T,126,320,167
-3,7,women1,=4T,151,375,167
-2,8,women1,=4T,176,430,167
-3,9,women1,=4T,201,485,167
3,1,women1,=CCoSp,1,47,170
2,2,women1,=CCoSp,26,102,170
3,3,women1,=CCoSp,51,157,170
3,4,women1,=CCoSp,76,212,170
2,5,women1,=CCoSp,101,267,170
3,6,women1,=CCoSp,126,322,170
3,7,women1,=CCoSp,151,377,170
3,8,women1,=CCoSp,176,432,170
2,9,women1,=CCoSp,201,487,170
3,1,women1,=ChSq,1,48,195
3,2,women1,=ChSq,26,103,195
4,3,women1,=ChSq,51,158,195
3,4,women1,=ChSq,76,213,195
2,5,women1,=ChSq,101,268,195
3,6,women1,=ChSq,126,323,195
3,7,women1,=ChSq,151,378,195
3,8,women1,=ChSq,176,433,195
1,9,women1,=ChSq,201,488,195
3,1,women1,=FCCoSp,1,49,220
3,2,women1,=FCCoSp,26,104,220
4,3,women1,=FCCoSp,51,159,220
2,4,women1,=FCCoSp,76,214,220
3,5,women1,=FCCoSp,101,269,220
3,6,women1,=FCCoSp,126,324,220
3,7,women1,=FCCoSp,151,379,220
3,8,women1,=FCCoSp,176,434,220
3,9,women1,=FCCoSp,201,489,220
3,1,women1,=FCSp,1,51,240
3,2,women1,=FCSp,26,106,240
3,3,women1,=FCSp,51,161,240
3,4,women1,=FCSp,76,216,240
2,5,women1,=FCSp,101,271,240
3,6,women1,=FCSp,126,326,240
2,7,women1,=FCSp,151,381,240
2,8,women1,=FCSp,176,436,240
3,9,women1,=FCSp,201,491,240
4,1,women1,=StSq,1,55,270
4,2,women1,=StSq,26,110,270
4,3,women1,=StSq,51,165,270
3,4,women1,=StSq,76,220,270
2,5,women1,=StSq,101,275,270
3,6,women1,=StSq,126,330,270
4,7,women1,=StSq,151,385,270
3,8,women1,=StSq,176,440,270
3,9,women1,=StSq,201,495,270
0,1,women105,=1S,2,3,3
0,2,women105,=1S,27,58,3
0,3,women105,=1S,52,113,3
0,4,women105,=1S,77,168,3
0,5,women105,=1S,102,223,3
0,6,women105,=1S,127,278,3
0,7,women105,=1S,152,333,3
0,8,women105,=1S,177,388,3
0,9,women105,=1S,202,443,3
2,1,women105,=2A,2,4,4
2,2,women105,=2A,27,59,4
2,3,women105,=2A,52,114,4
2,4,women105,=2A,77,169,4
2,5,women105,=2A,102,224,4
3,6,women105,=2A,127,279,4
2,7,women105,=2A,152,334,4
3,8,women105,=2A,177,389,4
2,9,women105,=2A,202,444,4
2,1,women105,=3F,2,12,45
3,2,women105,=3F,27,67,45
2,3,women105,=3F,52,122,45
3,4,women105,=3F,77,177,45
2,5,women105,=3F,102,232,45
3,6,women105,=3F,127,287,45
2,7,women105,=3F,152,342,45
2,8,women105,=3F,177,397,45
3,9,women105,=3F,202,452,45
1,1,women105,=3F+2T+2Lo,2,16,67
3,2,women105,=3F+2T+2Lo,27,71,67
2,3,women105,=3F+2T+2Lo,52,126,67
2,4,women105,=3F+2T+2Lo,77,181,67
2,5,women105,=3F+2T+2Lo,102,236,67
2,6,women105,=3F+2T+2Lo,127,291,67
1,7,women105,=3F+2T+2Lo,152,346,67
1,8,women105,=3F+2T+2Lo,177,401,67
2,9,women105,=3F+2T+2Lo,202,456,67
-1,1,women105,=3Lz+2T,2,29,118
1,2,women105,=3Lz+2T,27,84,118
0,3,women105,=3Lz+2T,52,139,118
1,4,women105,=3Lz+2T,77,194,118
1,5,women105,=3Lz+2T,102,249,118
0,6,women105,=3Lz+2T,127,304,118
1,7,women105,=3Lz+2T,152,359,118
1,8,women105,=3Lz+2T,177,414,118
2,9,women105,=3Lz+2T,202,469,118
-2,1,women105,=3Lz+3T,2,33,129
-2,2,women105,=3Lz+3T,27,88,129
-2,3,women105,=3Lz+3T,52,143,129
-1,4,women105,=3Lz+3T,77,198,129
-2,5,women105,=3Lz+3T,102,253,129
-2,6,women105,=3Lz+3T,127,308,129
-3,7,women105,=3Lz+3T,152,363,129
-3,8,women105,=3Lz+3T,177,418,129
-1,9,women105,=3Lz+3T,202,473,129
3,1,women105,=CCoSp,2,47,171
4,2,women105,=CCoSp,27,102,171
4,3,women105,=CCoSp,52,157,171
4,4,women105,=CCoSp,77,212,171
4,5,women105,=CCoSp,102,267,171
3,6,women105,=CCoSp,127,322,171
3,7,women105,=CCoSp,152,377,171
4,8,women105,=CCoSp,177,432,171
4,9,women105,=CCoSp,202,487,171
4,1,women105,=ChSq,2,48,196
3,2,women105,=ChSq,27,103,196
5,3,women105,=ChSq,52,158,196
4,4,women105,=ChSq,77,213,196
4,5,women105,=ChSq,102,268,196
4,6,women105,=ChSq,127,323,196
4,7,women105,=ChSq,152,378,196
5,8,women105,=ChSq,177,433,196
4,9,women105,=ChSq,202,488,196
3,1,women105,=FCCoSp,2,49,221
3,2,women105,=FCCoSp,27,104,221
4,3,women105,=FCCoSp,52,159,221
4,4,women105,=FCCoSp,77,214,221
4,5,women105,=FCCoSp,102,269,221
3,6,women105,=FCCoSp,127,324,221
2,7,women105,=FCCoSp,152,379,221
3,8,women105,=FCCoSp,177,434,221
3,9,women105,=FCCoSp,202,489,221
5,1,women105,=LSp,2,53,253
4,2,women105,=LSp,27,108,253
4,3,women105,=LSp,52,163,253
4,4,women105,=LSp,77,218,253
5,5,women105,=LSp,102,273,253
4,6,women105,=LSp,127,328,253
5,7,women105,=LSp,152,383,253
5,8,women105,=LSp,177,438,253
5,9,women105,=LSp,202,493,253
4,1,women105,=StSq,2,55,271
4,2,women105,=StSq,27,110,271
5,3,women105,=StSq,52,165,271
4,4,women105,=StSq,77,220,271
4,5,women105,=StSq,102,275,271
4,6,women105,=StSq,127,330,271
3,7,women105,=StSq,152,385,271
3,8,women105,=StSq,177,440,271
3,9,women105,=StSq,202,495,271
2,1,women118,=2A,3,4,5
3,2,women118,=2A,28,59,5
2,3,women118,=2A,53,114,5
2,4,women118,=2A,78,169,5
2,5,women118,=2A,103,224,5
2,6,women118,=2A,128,279,5
2,7,women118,=2A,153,334,5
3,8,women118,=2A,178,389,5
3,9,women118,=2A,203,444,5
0,1,women118,=3F+2T+2T,3,17,68
1,2,women118,=3F+2T+2T,28,72,68
1,3,women118,=3F+2T+2T,53,127,68
2,4,women118,=3F+2T+2T,78,182,68
1,5,women118,=3F+2T+2T,103,237,68
1,6,women118,=3F+2T+2T,128,292,68
1,7,women118,=3F+2T+2T,153,347,68
-1,8,women118,=3F+2T+2T,178,402,68
0,9,women118,=3F+2T+2T,203,457,68
-1,1,women118,=3F+3T,3,19,70
0,2,women118,=3F+3T,28,74,70
-1,3,women118,=3F+3T,53,129,70
0,4,women118,=3F+3T,78,184,70
-1,5,women118,=3F+3T,103,239,70
0,6,women118,=3F+3T,128,294,70
-1,7,women118,=3F+3T,153,349,70
0,8,women118,=3F+3T,178,404,70
0,9,women118,=3F+3T,203,459,70
2,1,women118,=3Lo,3,20,74
2,2,women118,=3Lo,28,75,74
2,3,women118,=3Lo,53,130,74
2,4,women118,=3Lo,78,185,74
2,5,women118,=3Lo,103,240,74
3,6,women118,=3Lo,128,295,74
2,7,women118,=3Lo,153,350,74
3,8,women118,=3Lo,178,405,74
2,9,women118,=3Lo,203,460,74
2,1,women118,=3Lz+3T,3,33,130
2,2,women118,=3Lz+3T,28,88,130
2,3,women118,=3Lz+3T,53,143,130
3,4,women118,=3Lz+3T,78,198,130
3,5,women118,=3Lz+3T,103,253,130
2,6,women118,=3Lz+3T,128,308,130
2,7,women118,=3Lz+3T,153,363,130
3,8,women118,=3Lz+3T,178,418,130
3,9,women118,=3Lz+3T,203,473,130
1,1,women118,=3S,3,34,139
2,2,women118,=3S,28,89,139
2,3,women118,=3S,53,144,139
0,4,women118,=3S,78,199,139
2,5,women118,=3S,103,254,139
1,6,women118,=3S,128,309,139
1,7,women118,=3S,153,364,139
2,8,women118,=3S,178,419,139
2,9,women118,=3S,203,474,139
2,1,women118,=CCoSp,3,47,172
2,2,women118,=CCoSp,28,102,172
2,3,women118,=CCoSp,53,157,172
1,4,women118,=CCoSp,78,212,172
1,5,women118,=CCoSp,103,267,172
2,6,women118,=CCoSp,128,322,172
2,7,women118,=CCoSp,153,377,172
3,8,women118,=CCoSp,178,432,172
2,9,women118,=CCoSp,203,487,172
2,1,women118,=ChSq,3,48,197
2,2,women118,=ChSq,28,103,197
2,3,women118,=ChSq,53,158,197
2,4,women118,=ChSq,78,213,197
2,5,women118,=ChSq,103,268,197
2,6,women118,=ChSq,128,323,197
2,7,women118,=ChSq,153,378,197
2,8,women118,=ChSq,178,433,197
1,9,women118,=ChSq,203,488,197
2,1,women118,=FCSp,3,51,241
2,2,women118,=FCSp,28,106,241
2,3,women118,=FCSp,53,161,241
3,4,women118,=FCSp,78,216,241
3,5,women118,=FCSp,103,271,241
2,6,women118,=FCSp,128,326,241
2,7,women118,=FCSp,153,381,241
3,8,women118,=FCSp,178,436,241
3,9,women118,=FCSp,203,491,241
1,1,women118,=LSp,3,53,254
2,2,women118,=LSp,28,108,254
2,3,women118,=LSp,53,163,254
2,4,women118,=LSp,78,218,254
2,5,women118,=LSp,103,273,254
3,6,women118,=LSp,128,328,254
2,7,women118,=LSp,153,383,254
3,8,women118,=LSp,178,438,254
2,9,women118,=LSp,203,493,254
3,1,women118,=StSq,3,55,272
3,2,women118,=StSq,28,110,272
3,3,women118,=StSq,53,165,272
3,4,women118,=StSq,78,220,272
3,5,women118,=StSq,103,275,272
3,6,women118,=StSq,128,330,272
2,7,women118,=StSq,153,385,272
4,8,women118,=StSq,178,440,272
3,9,women118,=StSq,203,495,272
2,1,women131,=2A,4,4,6
3,2,women131,=2A,29,59,6
2,3,women131,=2A,54,114,6
2,4,women131,=2A,79,169,6
2,5,women131,=2A,104,224,6
3,6,women131,=2A,129,279,6
2,7,women131,=2A,154,334,6
3,8,women131,=2A,179,389,6
2,9,women131,=2A,204,444,6
-1,1,women131,=2A+3T,4,7,29
0,2,women131,=2A+3T,29,62,29
-2,3,women131,=2A+3T,54,117,29
0,4,women131,=2A+3T,79,172,29
-1,5,women131,=2A+3T,104,227,29
1,6,women131,=2A+3T,129,282,29
-1,7,women131,=2A+3T,154,337,29
1,8,women131,=2A+3T,179,392,29
1,9,women131,=2A+3T,204,447,29
2,1,women131,=3F,4,12,46
2,2,women131,=3F,29,67,46
2,3,women131,=3F,54,122,46
4,4,women131,=3F,79,177,46
2,5,women131,=3F,104,232,46
3,6,women131,=3F,129,287,46
2,7,women131,=3F,154,342,46
1,8,women131,=3F,179,397,46
3,9,women131,=3F,204,452,46
2,1,women131,=3Lo,4,20,75
2,2,women131,=3Lo,29,75,75
2,3,women131,=3Lo,54,130,75
2,4,women131,=3Lo,79,185,75
3,5,women131,=3Lo,104,240,75
3,6,women131,=3Lo,129,295,75
2,7,women131,=3Lo,154,350,75
2,8,women131,=3Lo,179,405,75
2,9,women131,=3Lo,204,460,75
-3,1,women131,=3Lz,4,26,101
-1,2,women131,=3Lz,29,81,101
-2,3,women131,=3Lz,54,136,101
-1,4,women131,=3Lz,79,191,101
-1,5,women131,=3Lz,104,246,101
0,6,women131,=3Lz,129,301,101
-2,7,women131,=3Lz,154,356,101
-1,8,women131,=3Lz,179,411,101
0,9,women131,=3Lz,204,466,101
-1,1,women131,=3Lz+3T,4,33,131
1,2,women131,=3Lz+3T,29,88,131
1,3,women131,=3Lz+3T,54,143,131
1,4,women131,=3Lz+3T,79,198,131
0,5,women131,=3Lz+3T,104,253,131
0,6,women131,=3Lz+3T,129,308,131
1,7,women131,=3Lz+3T,154,363,131
1,8,women131,=3Lz+3T,179,418,131
2,9,women131,=3Lz+3T,204,473,131
1,1,women131,=3S+2T+2Lo,4,36,152
2,2,women131,=3S+2T+2Lo,29,91,152
1,3,women131,=3S+2T+2Lo,54,146,152
3,4,women131,=3S+2T+2Lo,79,201,152
1,5,women131,=3S+2T+2Lo,104,256,152
2,6,women131,=3S+2T+2Lo,129,311,152
2,7,women131,=3S+2T+2Lo,154,366,152
0,8,women131,=3S+2T+2Lo,179,421,152
2,9,women131,=3S+2T+2Lo,204,476,152
2,1,women131,=CCoSp,4,47,173
3,2,women131,=CCoSp,29,102,173
2,3,women131,=CCoSp,54,157,173
3,4,women131,=CCoSp,79,212,173
2,5,women131,=CCoSp,104,267,173
3,6,women131,=CCoSp,129,322,173
2,7,women131,=CCoSp,154,377,173
2,8,women131,=CCoSp,179,432,173
2,9,women131,=CCoSp,204,487,173
2,1,women131,=ChSq,4,48,198
2,2,women131,=ChSq,29,103,198
2,3,women131,=ChSq,54,158,198
3,4,women131,=ChSq,79,213,198
2,5,women131,=ChSq,104,268,198
2,6,women131,=ChSq,129,323,198
3,7,women131,=ChSq,154,378,198
3,8,women131,=ChSq,179,433,198
2,9,women131,=ChSq,204,488,198
2,1,women131,=FCSp,4,51,242
2,2,women131,=FCSp,29,106,242
2,3,women131,=FCSp,54,161,242
2,4,women131,=FCSp,79,216,242
2,5,women131,=FCSp,104,271,242
2,6,women131,=FCSp,129,326,242
2,7,women131,=FCSp,154,381,242
3,8,women131,=FCSp,179,436,242
2,9,women131,=FCSp,204,491,242
3,1,women131,=SSp,4,54,268
3,2,women131,=SSp,29,109,268
2,3,women131,=SSp,54,164,268
3,4,women131,=SSp,79,219,268
2,5,women131,=SSp,104,274,268
3,6,women131,=SSp,129,329,268
3,7,women131,=SSp,154,384,268
3,8,women131,=SSp,179,439,268
4,9,women131,=SSp,204,494,268
3,1,women131,=StSq,4,55,273
3,2,women131,=StSq,29,110,273
2,3,women131,=StSq,54,165,273
3,4,women131,=StSq,79,220,273
3,5,women131,=StSq,104,275,273
3,6,women131,=StSq,129,330,273
2,7,women131,=StSq,154,385,273
2,8,women131,=StSq,179,440,273
3,9,women131,=StSq,204,495,273
4,1,women14,=2A,5,4,7
3,2,women14,=2A,30,59,7
3,3,women14,=2A,55,114,7
2,4,women14,=2A,80,169,7
3,5,women14,=2A,105,224,7
4,6,women14,=2A,130,279,7
2,7,women14,=2A,155,334,7
3,8,women14,=2A,180,389,7
4,9,women14,=2A,205,444,7
3,1,women14,=3F+1Eu+3S,5,13,62
3,2,women14,=3F+1Eu+3S,30,68,62
3,3,women14,=3F+1Eu+3S,55,123,62
3,4,women14,=3F+1Eu+3S,80,178,62
2,5,women14,=3F+1Eu+3S,105,233,62
3,6,women14,=3F+1Eu+3S,130,288,62
3,7,women14,=3F+1Eu+3S,155,343,62
3,8,women14,=3F+1Eu+3S,180,398,62
3,9,women14,=3F+1Eu+3S,205,453,62
4,1,women14,=3Lz,5,26,102
3,2,women14,=3Lz,30,81,102
3,3,women14,=3Lz,55,136,102
3,4,women14,=3Lz,80,191,102
2,5,women14,=3Lz,105,246,102
4,6,women14,=3Lz,130,301,102
2,7,women14,=3Lz,155,356,102
3,8,women14,=3Lz,180,411,102
4,9,women14,=3Lz,205,466,102
4,1,women14,=3Lz+3Lo,5,31,127
3,2,women14,=3Lz+3Lo,30,86,127
3,3,women14,=3Lz+3Lo,55,141,127
3,4,women14,=3Lz+3Lo,80,196,127
3,5,women14,=3Lz+3Lo,105,251,127
4,6,women14,=3Lz+3Lo,130,306,127
3,7,women14,=3Lz+3Lo,155,361,127
3,8,women14,=3Lz+3Lo,180,416,127
4,9,women14,=3Lz+3Lo,205,471,127
4,1,women14,=4F,5,40,161
3,2,women14,=4F,30,95,161
4,3,women14,=4F,55,150,161
4,4,women14,=4F,80,205,161
3,5,women14,=4F,105,260,161
4,6,women14,=4F,130,315,161
2,7,women14,=4F,155,370,161
3,8,women14,=4F,180,425,161
3,9,women14,=4F,205,480,161
4,1,women14,=4F+3T,5,41,162
3,2,women14,=4F+3T,30,96,162
3,3,women14,=4F+3T,55,151,162
4,4,women14,=4F+3T,80,206,162
3,5,women14,=4F+3T,105,261,162
3,6,women14,=4F+3T,130,316,162
2,7,women14,=4F+3T,155,371,162
3,8,women14,=4F+3T,180,426,162
3,9,women14,=4F+3T,205,481,162
5,1,women14,=CCoSp,5,47,174
4,2,women14,=CCoSp,30,102,174
3,3,women14,=CCoSp,55,157,174
3,4,women14,=CCoSp,80,212,174
2,5,women14,=CCoSp,105,267,174
4,6,women14,=CCoSp,130,322,174
3,7,women14,=CCoSp,155,377,174
3,8,women14,=CCoSp,180,432,174
5,9,women14,=CCoSp,205,487,174
4,1,women14,=ChSq,5,48,199
3,2,women14,=ChSq,30,103,199
3,3,women14,=ChSq,55,158,199
3,4,women14,=ChSq,80,213,199
3,5,women14,=ChSq,105,268,199
4,6,women14,=ChSq,130,323,199
2,7,women14,=ChSq,155,378,199
3,8,women14,=ChSq,180,433,199
3,9,women14,=ChSq,205,488,199
5,1,women14,=FCCoSp,5,49,222
4,2,women14,=FCCoSp,30,104,222
4,3,women14,=FCCoSp,55,159,222
3,4,women14,=FCCoSp,80,214,222
4,5,women14,=FCCoSp,105,269,222
4,6,women14,=FCCoSp,130,324,222
3,7,women14,=FCCoSp,155,379,222
4,8,women14,=FCCoSp,180,434,222
3,9,women14,=FCCoSp,205,489,222
4,1,women14,=FCSp,5,51,243
3,2,women14,=FCSp,30,106,243
3,3,women14,=FCSp,55,161,243
3,4,women14,=FCSp,80,216,243
3,5,women14,=FCSp,105,271,243
3,6,women14,=FCSp,130,326,243
2,7,women14,=FCSp,155,381,243
3,8,women14,=FCSp,180,436,243
3,9,women14,=FCSp,205,491,243
3,1,women14,=StSq,5,55,274
4,2,women14,=StSq,30,110,274
3,3,women14,=StSq,55,165,274
4,4,women14,=StSq,80,220,274
3,5,women14,=StSq,105,275,274
4,6,women14,=StSq,130,330,274
3,7,women14,=StSq,155,385,274
4,8,women14,=StSq,180,440,274
4,9,women14,=StSq,205,495,274
2,1,women144,=2A,6,4,8
2,2,women144,=2A,31,59,8
1,3,women144,=2A,56,114,8
1,4,women144,=2A,81,169,8
1,5,women144,=2A,106,224,8
2,6,women144,=2A,131,279,8
1,7,women144,=2A,156,334,8
1,8,women144,=2A,181,389,8
2,9,women144,=2A,206,444,8
1,1,women144,=3Lo,6,20,76
2,2,women144,=3Lo,31,75,76
1,3,women144,=3Lo,56,130,76
2,4,women144,=3Lo,81,185,76
0,5,women144,=3Lo,106,240,76
1,6,women144,=3Lo,131,295,76
2,7,women144,=3Lo,156,350,76
2,8,women144,=3Lo,181,405,76
2,9,women144,=3Lo,206,460,76
1,1,women144,=3Lo+2A+SEQ,6,22,93
2,2,women144,=3Lo+2A+SEQ,31,77,93
1,3,women144,=3Lo+2A+SEQ,56,132,93
2,4,women144,=3Lo+2A+SEQ,81,187,93
1,5,women144,=3Lo+2A+SEQ,106,242,93
1,6,women144,=3Lo+2A+SEQ,131,297,93
1,7,women144,=3Lo+2A+SEQ,156,352,93
2,8,women144,=3Lo+2A+SEQ,181,407,93
2,9,women144,=3Lo+2A+SEQ,206,462,93
2,1,women144,=3Lz,6,26,103
2,2,women144,=3Lz,31,81,103
1,3,women144,=3Lz,56,136,103
1,4,women144,=3Lz,81,191,103
0,5,women144,=3Lz,106,246,103
1,6,women144,=3Lz,131,301,103
1,7,women144,=3Lz,156,356,103
1,8,women144,=3Lz,181,411,103
2,9,women144,=3Lz,206,466,103
-4,1,women144,=3Lz+1Eu+3F,6,27,113
-5,2,women144,=3Lz+1Eu+3F,31,82,113
-3,3,women144,=3Lz+1Eu+3F,56,137,113
-3,4,women144,=3Lz+1Eu+3F,81,192,113
0,5,women144,=3Lz+1Eu+3F,106,247,113
-2,6,women144,=3Lz+1Eu+3F,131,302,113
-4,7,women144,=3Lz+1Eu+3F,156,357,113
-4,8,women144,=3Lz+1Eu+3F,181,412,113
-3,9,women144,=3Lz+1Eu+3F,206,467,113
1,1,women144,=3S+2T,6,35,150
1,2,women144,=3S+2T,31,90,150
1,3,women144,=3S+2T,56,145,150
1,4,women144,=3S+2T,81,200,150
0,5,women144,=3S+2T,106,255,150
1,6,women144,=3S+2T,131,310,150
1,7,women144,=3S+2T,156,365,150
1,8,women144,=3S+2T,181,420,150
1,9,women144,=3S+2T,206,475,150
2,1,women144,=3T,6,37,155
2,2,women144,=3T,31,92,155
1,3,women144,=3T,56,147,155
2,4,women144,=3T,81,202,155
1,5,women144,=3T,106,257,155
2,6,women144,=3T,131,312,155
2,7,women144,=3T,156,367,155
2,8,women144,=3T,181,422,155
1,9,women144,=3T,206,477,155
2,1,women144,=CCoSp,6,47,175
2,2,women144,=CCoSp,31,102,175
2,3,women144,=CCoSp,56,157,175
2,4,women144,=CCoSp,81,212,175
1,5,women144,=CCoSp,106,267,175
2,6,women144,=CCoSp,131,322,175
2,7,women144,=CCoSp,156,377,175
2,8,women144,=CCoSp,181,432,175
3,9,women144,=CCoSp,206,487,175
2,1,women144,=ChSq,6,48,200
2,2,women144,=ChSq,31,103,200
1,3,women144,=ChSq,56,158,200
2,4,women144,=ChSq,81,213,200
1,5,women144,=ChSq,106,268,200
1,6,women144,=ChSq,131,323,200
2,7,women144,=ChSq,156,378,200
0,8,women144,=ChSq,181,433,200
1,9,women144,=ChSq,206,488,200
2,1,women144,=FCCoSp,6,49,223
2,2,women144,=FCCoSp,31,104,223
1,3,women144,=FCCoSp,56,159,223
2,4,women144,=FCCoSp,81,214,223
1,5,women144,=FCCoSp,106,269,223
2,6,women144,=FCCoSp,131,324,223
2,7,women144,=FCCoSp,156,379,223
2,8,women144,=FCCoSp,181,434,223
2,9,women144,=FCCoSp,206,489,223
2,1,women144,=LSp,6,53,255
3,2,women144,=LSp,31,108,255
2,3,women144,=LSp,56,163,255
3,4,women144,=LSp,81,218,255
2,5,women144,=LSp,106,273,255
3,6,women144,=LSp,131,328,255
2,7,women144,=LSp,156,383,255
3,8,women144,=LSp,181,438,255
3,9,women144,=LSp,206,493,255
3,1,women144,=StSq,6,55,275
3,2,women144,=StSq,31,110,275
2,3,women144,=StSq,56,165,275
3,4,women144,=StSq,81,220,275
2,5,women144,=StSq,106,275,275
3,6,women144,=StSq,131,330,275
3,7,women144,=StSq,156,385,275
3,8,women144,=StSq,181,440,275
3,9,women144,=StSq,206,495,275
2,1,women157,=2A,7,4,9
1,2,women157,=2A,32,59,9
1,3,women157,=2A,57,114,9
1,4,women157,=2A,82,169,9
2,5,women157,=2A,107,224,9
3,6,women157,=2A,132,279,9
2,7,women157,=2A,157,334,9
2,8,women157,=2A,182,389,9
2,9,women157,=2A,207,444,9
1,1,women157,=2A+3T,7,7,30
1,2,women157,=2A+3T,32,62,30
1,3,women157,=2A+3T,57,117,30
2,4,women157,=2A+3T,82,172,30
1,5,women157,=2A+3T,107,227,30
1,6,women157,=2A+3T,132,282,30
1,7,women157,=2A+3T,157,337,30
1,8,women157,=2A+3T,182,392,30
2,9,women157,=2A+3T,207,447,30
2,1,women157,=3F,7,12,47
2,2,women157,=3F,32,67,47
2,3,women157,=3F,57,122,47
2,4,women157,=3F,82,177,47
2,5,women157,=3F,107,232,47
2,6,women157,=3F,132,287,47
2,7,women157,=3F,157,342,47
2,8,women157,=3F,182,397,47
2,9,women157,=3F,207,452,47
2,1,women157,=3Lo,7,20,77
2,2,women157,=3Lo,32,75,77
2,3,women157,=3Lo,57,130,77
2,4,women157,=3Lo,82,185,77
1,5,women157,=3Lo,107,240,77
2,6,women157,=3Lo,132,295,77
1,7,women157,=3Lo,157,350,77
2,8,women157,=3Lo,182,405,77
2,9,women157,=3Lo,207,460,77
1,1,women157,=3Lo+2T,7,23,95
1,2,women157,=3Lo+2T,32,78,95
1,3,women157,=3Lo+2T,57,133,95
0,4,women157,=3Lo+2T,82,188,95
0,5,women157,=3Lo+2T,107,243,95
1,6,women157,=3Lo+2T,132,298,95
0,7,women157,=3Lo+2T,157,353,95
0,8,women157,=3Lo+2T,182,408,95
1,9,women157,=3Lo+2T,207,463,95
0,1,women157,=3Lz,7,26,104
0,2,women157,=3Lz,32,81,104
-1,3,women157,=3Lz,57,136,104
0,4,women157,=3Lz,82,191,104
0,5,women157,=3Lz,107,246,104
0,6,women157,=3Lz,132,301,104
0,7,women157,=3Lz,157,356,104
1,8,women157,=3Lz,182,411,104
2,9,women157,=3Lz,207,466,104
-2,1,women157,=3Lz+1Eu+3S,7,28,115
-2,2,women157,=3Lz+1Eu+3S,32,83,115
-3,3,women157,=3Lz+1Eu+3S,57,138,115
-2,4,women157,=3Lz+1Eu+3S,82,193,115
-3,5,women157,=3Lz+1Eu+3S,107,248,115
-3,6,women157,=3Lz+1Eu+3S,132,303,115
-2,7,women157,=3Lz+1Eu+3S,157,358,115
-2,8,women157,=3Lz+1Eu+3S,182,413,115
1,9,women157,=3Lz+1Eu+3S,207,468,115
1,1,women157,=CCoSp,7,47,176
2,2,women157,=CCoSp,32,102,176
1,3,women157,=CCoSp,57,157,176
1,4,women157,=CCoSp,82,212,176
1,5,women157,=CCoSp,107,267,176
2,6,women157,=CCoSp,132,322,176
1,7,women157,=CCoSp,157,377,176
1,8,women157,=CCoSp,182,432,176
1,9,women157,=CCoSp,207,487,176
1,1,women157,=ChSq,7,48,201
1,2,women157,=ChSq,32,103,201
2,3,women157,=ChSq,57,158,201
0,4,women157,=ChSq,82,213,201
0,5,women157,=ChSq,107,268,201
1,6,women157,=ChSq,132,323,201
0,7,women157,=ChSq,157,378,201
1,8,women157,=ChSq,182,433,201
1,9,women157,=ChSq,207,488,201
1,1,women157,=FCCoSp,7,49,224
0,2,women157,=FCCoSp,32,104,224
2,3,women157,=FCCoSp,57,159,224
1,4,women157,=FCCoSp,82,214,224
0,5,women157,=FCCoSp,107,269,224
1,6,women157,=FCCoSp,132,324,224
2,7,women157,=FCCoSp,157,379,224
2,8,women157,=FCCoSp,182,434,224
2,9,women157,=FCCoSp,207,489,224
2,1,women157,=LSp,7,53,256
2,2,women157,=LSp,32,108,256
2,3,women157,=LSp,57,163,256
2,4,women157,=LSp,82,218,256
1,5,women157,=LSp,107,273,256
2,6,women157,=LSp,132,328,256
1,7,women157,=LSp,157,383,256
2,8,women157,=LSp,182,438,256
2,9,women157,=LSp,207,493,256
1,1,women157,=StSq,7,55,276
1,2,women157,=StSq,32,110,276
2,3,women157,=StSq,57,165,276
1,4,women157,=StSq,82,220,276
0,5,women157,=StSq,107,275,276
1,6,women157,=StSq,132,330,276
1,7,women157,=StSq,157,385,276
1,8,women157,=StSq,182,440,276
2,9,women157,=StSq,207,495,276
1,1,women170,=2A,8,4,10
2,2,women170,=2A,33,59,10
1,3,women170,=2A,58,114,10
1,4,women170,=2A,83,169,10
1,5,women170,=2A,108,224,10
2,6,women170,=2A,133,279,10
1,7,women170,=2A,158,334,10
2,8,women170,=2A,183,389,10
1,9,women170,=2A,208,444,10
-3,1,women170,=2A+1Eu+3S,8,5,23
-3,2,women170,=2A+1Eu+3S,33,60,23
-4,3,women170,=2A+1Eu+3S,58,115,23
-1,4,women170,=2A+1Eu+3S,83,170,23
-3,5,women170,=2A+1Eu+3S,108,225,23
-4,6,women170,=2A+1Eu+3S,133,280,23
-4,7,women170,=2A+1Eu+3S,158,335,23
-4,8,women170,=2A+1Eu+3S,183,390,23
-1,9,women170,=2A+1Eu+3S,208,445,23
2,1,women170,=3F,8,12,48
2,2,women170,=3F,33,67,48
2,3,women170,=3F,58,122,48
2,4,women170,=3F,83,177,48
2,5,women170,=3F,108,232,48
3,6,women170,=3F,133,287,48
1,7,women170,=3F,158,342,48
3,8,women170,=3F,183,397,48
2,9,women170,=3F,208,452,48
1,1,women170,=3Lo,8,20,78
1,2,women170,=3Lo,33,75,78
1,3,women170,=3Lo,58,130,78
2,4,women170,=3Lo,83,185,78
1,5,women170,=3Lo,108,240,78
3,6,women170,=3Lo,133,295,78
1,7,women170,=3Lo,158,350,78
2,8,women170,=3Lo,183,405,78
0,9,women170,=3Lo,208,460,78
2,1,women170,=3Lz+2T,8,29,119
2,2,women170,=3Lz+2T,33,84,119
1,3,women170,=3Lz+2T,58,139,119
2,4,women170,=3Lz+2T,83,194,119
1,5,women170,=3Lz+2T,108,249,119
2,6,women170,=3Lz+2T,133,304,119
2,7,women170,=3Lz+2T,158,359,119
2,8,women170,=3Lz+2T,183,414,119
1,9,women170,=3Lz+2T,208,469,119
-2,1,women170,=3Lz+3T,8,33,132
-2,2,women170,=3Lz+3T,33,88,132
-5,3,women170,=3Lz+3T,58,143,132
-3,4,women170,=3Lz+3T,83,198,132
-3,5,women170,=3Lz+3T,108,253,132
-5,6,women170,=3Lz+3T,133,308,132
-4,7,women170,=3Lz+3T,158,363,132
-4,8,women170,=3Lz+3T,183,418,132
-3,9,women170,=3Lz+3T,208,473,132
-4,1,women170,=3S,8,34,140
-5,2,women170,=3S,33,89,140
-5,3,women170,=3S,58,144,140
-4,4,women170,=3S,83,199,140
-5,5,women170,=3S,108,254,140
-5,6,women170,=3S,133,309,140
-5,7,women170,=3S,158,364,140
-5,8,women170,=3S,183,419,140
-5,9,women170,=3S,208,474,140
2,1,women170,=CCoSp,8,47,177
3,2,women170,=CCoSp,33,102,177
2,3,women170,=CCoSp,58,157,177
3,4,women170,=CCoSp,83,212,177
2,5,women170,=CCoSp,108,267,177
3,6,women170,=CCoSp,133,322,177
2,7,women170,=CCoSp,158,377,177
2,8,women170,=CCoSp,183,432,177
2,9,women170,=CCoSp,208,487,177
2,1,women170,=ChSq,8,48,202
2,2,women170,=ChSq,33,103,202
1,3,women170,=ChSq,58,158,202
2,4,women170,=ChSq,83,213,202
3,5,women170,=ChSq,108,268,202
3,6,women170,=ChSq,133,323,202
2,7,women170,=ChSq,158,378,202
3,8,women170,=ChSq,183,433,202
2,9,women170,=ChSq,208,488,202
2,1,women170,=FCCoSp,8,49,225
2,2,women170,=FCCoSp,33,104,225
2,3,women170,=FCCoSp,58,159,225
3,4,women170,=FCCoSp,83,214,225
3,5,women170,=FCCoSp,108,269,225
2,6,women170,=FCCoSp,133,324,225
2,7,women170,=FCCoSp,158,379,225
3,8,women170,=FCCoSp,183,434,225
2,9,women170,=FCCoSp,208,489,225
2,1,women170,=FCSp,8,51,244
2,2,women170,=FCSp,33,106,244
2,3,women170,=FCSp,58,161,244
3,4,women170,=FCSp,83,216,244
3,5,women170,=FCSp,108,271,244
2,6,women170,=FCSp,133,326,244
1,7,women170,=FCSp,158,381,244
3,8,women170,=FCSp,183,436,244
2,9,women170,=FCSp,208,491,244
2,1,women170,=StSq,8,55,277
2,2,women170,=StSq,33,110,277
2,3,women170,=StSq,58,165,277
2,4,women170,=StSq,83,220,277
3,5,women170,=StSq,108,275,277
2,6,women170,=StSq,133,330,277
2,7,women170,=StSq,158,385,277
2,8,women170,=StSq,183,440,277
2,9,women170,=StSq,208,495,277
-1,1,women183,=2A,9,4,11
-1,2,women183,=2A,34,59,11
-2,3,women183,=2A,59,114,11
-1,4,women183,=2A,84,169,11
-2,5,women183,=2A,109,224,11
-1,6,women183,=2A,134,279,11
-1,7,women183,=2A,159,334,11
-2,8,women183,=2A,184,389,11
-1,9,women183,=2A,209,444,11
1,1,women183,=2A+2T,9,6,24
1,2,women183,=2A+2T,34,61,24
0,3,women183,=2A+2T,59,116,24
-1,4,women183,=2A+2T,84,171,24
-1,5,women183,=2A+2T,109,226,24
1,6,women183,=2A+2T,134,281,24
0,7,women183,=2A+2T,159,336,24
0,8,women183,=2A+2T,184,391,24
0,9,women183,=2A+2T,209,446,24
1,1,women183,=3F,9,12,49
1,2,women183,=3F,34,67,49
1,3,women183,=3F,59,122,49
2,4,women183,=3F,84,177,49
0,5,women183,=3F,109,232,49
2,6,women183,=3F,134,287,49
1,7,women183,=3F,159,342,49
2,8,women183,=3F,184,397,49
1,9,women183,=3F,209,452,49
1,1,women183,=3Lo,9,20,79
1,2,women183,=3Lo,34,75,79
1,3,women183,=3Lo,59,130,79
1,4,women183,=3Lo,84,185,79
1,5,women183,=3Lo,109,240,79
2,6,women183,=3Lo,134,295,79
1,7,women183,=3Lo,159,350,79
2,8,women183,=3Lo,184,405,79
1,9,women183,=3Lo,209,460,79
-4,1,women183,=3Lz+2T+2Lo,9,30,124
-4,2,women183,=3Lz+2T+2Lo,34,85,124
-5,3,women183,=3Lz+2T+2Lo,59,140,124
-3,4,women183,=3Lz+2T+2Lo,84,195,124
-5,5,women183,=3Lz+2T+2Lo,109,250,124
-5,6,women183,=3Lz+2T+2Lo,134,305,124
-5,7,women183,=3Lz+2T+2Lo,159,360,124
-4,8,women183,=3Lz+2T+2Lo,184,415,124
-4,9,women183,=3Lz+2T+2Lo,209,470,124
-1,1,women183,=3Lz+3T,9,33,133
0,2,women183,=3Lz+3T,34,88,133
-2,3,women183,=3Lz+3T,59,143,133
0,4,women183,=3Lz+3T,84,198,133
0,5,women183,=3Lz+3T,109,253,133
0,6,women183,=3Lz+3T,134,308,133
1,7,women183,=3Lz+3T,159,363,133
1,8,women183,=3Lz+3T,184,418,133
2,9,women183,=3Lz+3T,209,473,133
1,1,women183,=3S,9,34,141
1,2,women183,=3S,34,89,141
1,3,women183,=3S,59,144,141
1,4,women183,=3S,84,199,141
1,5,women183,=3S,109,254,141
2,6,women183,=3S,134,309,141
0,7,women183,=3S,159,364,141
1,8,women183,=3S,184,419,141
1,9,women183,=3S,209,474,141
2,1,women183,=CCoSp,9,47,178
2,2,women183,=CCoSp,34,102,178
1,3,women183,=CCoSp,59,157,178
2,4,women183,=CCoSp,84,212,178
2,5,women183,=CCoSp,109,267,178
2,6,women183,=CCoSp,134,322,178
1,7,women183,=CCoSp,159,377,178
2,8,women183,=CCoSp,184,432,178
3,9,women183,=CCoSp,209,487,178
2,1,women183,=ChSq,9,48,203
1,2,women183,=ChSq,34,103,203
1,3,women183,=ChSq,59,158,203
1,4,women183,=ChSq,84,213,203
1,5,women183,=ChSq,109,268,203
2,6,women183,=ChSq,134,323,203
1,7,women183,=ChSq,159,378,203
2,8,women183,=ChSq,184,433,203
3,9,women183,=ChSq,209,488,203
2,1,women183,=FCCoSp,9,49,226
2,2,women183,=FCCoSp,34,104,226
2,3,women183,=FCCoSp,59,159,226
2,4,women183,=FCCoSp,84,214,226
2,5,women183,=FCCoSp,109,269,226
2,6,women183,=FCCoSp,134,324,226
2,7,women183,=FCCoSp,159,379,226
1,8,women183,=FCCoSp,184,434,226
3,9,women183,=FCCoSp,209,489,226
1,1,women183,=LSp,9,53,257
1,2,women183,=LSp,34,108,257
0,3,women183,=LSp,59,163,257
1,4,women183,=LSp,84,218,257
0,5,women183,=LSp,109,273,257
2,6,women183,=LSp,134,328,257
1,7,women183,=LSp,159,383,257
1,8,women183,=LSp,184,438,257
1,9,women183,=LSp,209,493,257
0,1,women183,=StSq,9,55,278
1,2,women183,=StSq,34,110,278
-1,3,women183,=StSq,59,165,278
-1,4,women183,=StSq,84,220,278
-1,5,women183,=StSq,109,275,278
0,6,women183,=StSq,134,330,278
-1,7,women183,=StSq,159,385,278
-1,8,women183,=StSq,184,440,278
0,9,women183,=StSq,209,495,278
1,1,women196,=2A,10,4,12
1,2,women196,=2A,35,59,12
0,3,women196,=2A,60,114,12
1,4,women196,=2A,85,169,12
0,5,women196,=2A,110,224,12
2,6,women196,=2A,135,279,12
1,7,women196,=2A,160,334,12
0,8,women196,=2A,185,389,12
1,9,women196,=2A,210,444,12
-4,1,women196,=3F,10,12,50
-4,2,women196,=3F,35,67,50
-5,3,women196,=3F,60,122,50
-4,4,women196,=3F,85,177,50
-4,5,women196,=3F,110,232,50
-5,6,women196,=3F,135,287,50
-5,7,women196,=3F,160,342,50
-5,8,women196,=3F,185,397,50
-5,9,women196,=3F,210,452,50
-1,1,women196,=3Lo,10,20,80
0,2,women196,=3Lo,35,75,80
-2,3,women196,=3Lo,60,130,80
-2,4,women196,=3Lo,85,185,80
-2,5,women196,=3Lo,110,240,80
-2,6,women196,=3Lo,135,295,80
-1,7,women196,=3Lo,160,350,80
-2,8,women196,=3Lo,185,405,80
-1,9,women196,=3Lo,210,460,80
0,1,women196,=3Lo+2A+SEQ,10,22,94
2,2,women196,=3Lo+2A+SEQ,35,77,94
0,3,women196,=3Lo+2A+SEQ,60,132,94
1,4,women196,=3Lo+2A+SEQ,85,187,94
1,5,women196,=3Lo+2A+SEQ,110,242,94
1,6,women196,=3Lo+2A+SEQ,135,297,94
1,7,women196,=3Lo+2A+SEQ,160,352,94
0,8,women196,=3Lo+2A+SEQ,185,407,94
1,9,women196,=3Lo+2A+SEQ,210,462,94
1,1,women196,=3Lz,10,26,105
2,2,women196,=3Lz,35,81,105
1,3,women196,=3Lz,60,136,105
2,4,women196,=3Lz,85,191,105
0,5,women196,=3Lz,110,246,105
2,6,women196,=3Lz,135,301,105
1,7,women196,=3Lz,160,356,105
2,8,women196,=3Lz,185,411,105
1,9,women196,=3Lz,210,466,105
1,1,women196,=3Lz+2T,10,29,120
1,2,women196,=3Lz+2T,35,84,120
1,3,women196,=3Lz+2T,60,139,120
1,4,women196,=3Lz+2T,85,194,120
1,5,women196,=3Lz+2T,110,249,120
1,6,women196,=3Lz+2T,135,304,120
1,7,women196,=3Lz+2T,160,359,120
2,8,women196,=3Lz+2T,185,414,120
2,9,women196,=3Lz+2T,210,469,120
1,1,women196,=3S+2T+2Lo,10,36,153
1,2,women196,=3S+2T+2Lo,35,91,153
0,3,women196,=3S+2T+2Lo,60,146,153
1,4,women196,=3S+2T+2Lo,85,201,153
2,5,women196,=3S+2T+2Lo,110,256,153
0,6,women196,=3S+2T+2Lo,135,311,153
1,7,women196,=3S+2T+2Lo,160,366,153
0,8,women196,=3S+2T+2Lo,185,421,153
0,9,women196,=3S+2T+2Lo,210,476,153
2,1,women196,=CCoSp,10,47,179
3,2,women196,=CCoSp,35,102,179
1,3,women196,=CCoSp,60,157,179
2,4,women196,=CCoSp,85,212,179
2,5,women196,=CCoSp,110,267,179
2,6,women196,=CCoSp,135,322,179
2,7,women196,=CCoSp,160,377,179
3,8,women196,=CCoSp,185,432,179
3,9,women196,=CCoSp,210,487,179
2,1,women196,=ChSq,10,48,204
2,2,women196,=ChSq,35,103,204
1,3,women196,=ChSq,60,158,204
1,4,women196,=ChSq,85,213,204
1,5,women196,=ChSq,110,268,204
1,6,women196,=ChSq,135,323,204
0,7,women196,=ChSq,160,378,204
2,8,women196,=ChSq,185,433,204
2,9,women196,=ChSq,210,488,204
2,1,women196,=FCCoSp,10,49,227
2,2,women196,=FCCoSp,35,104,227
1,3,women196,=FCCoSp,60,159,227
2,4,women196,=FCCoSp,85,214,227
3,5,women196,=FCCoSp,110,269,227
2,6,women196,=FCCoSp,135,324,227
2,7,women196,=FCCoSp,160,379,227
1,8,women196,=FCCoSp,185,434,227
3,9,women196,=FCCoSp,210,489,227
2,1,women196,=LSp,10,53,258
3,2,women196,=LSp,35,108,258
2,3,women196,=LSp,60,163,258
3,4,women196,=LSp,85,218,258
2,5,women196,=LSp,110,273,258
2,6,women196,=LSp,135,328,258
1,7,women196,=LSp,160,383,258
3,8,women196,=LSp,185,438,258
3,9,women196,=LSp,210,493,258
2,1,women196,=StSq,10,55,279
2,2,women196,=StSq,35,110,279
1,3,women196,=StSq,60,165,279
1,4,women196,=StSq,85,220,279
0,5,women196,=StSq,110,275,279
2,6,women196,=StSq,135,330,279
2,7,women196,=StSq,160,385,279
2,8,women196,=StSq,185,440,279
2,9,women196,=StSq,210,495,279
0,1,women209,=1Lz,11,2,2
0,2,women209,=1Lz,36,57,2
0,3,women209,=1Lz,61,112,2
-1,4,women209,=1Lz,86,167,2
0,5,women209,=1Lz,111,222,2
0,6,women209,=1Lz,136,277,2
0,7,women209,=1Lz,161,332,2
0,8,women209,=1Lz,186,387,2
0,9,women209,=1Lz,211,442,2
1,1,women209,=2A+3T,11,7,31
2,2,women209,=2A+3T,36,62,31
1,3,women209,=2A+3T,61,117,31
3,4,women209,=2A+3T,86,172,31
1,5,women209,=2A+3T,111,227,31
2,6,women209,=2A+3T,136,282,31
1,7,women209,=2A+3T,161,337,31
1,8,women209,=2A+3T,186,392,31
2,9,women209,=2A+3T,211,447,31
-4,1,women209,=3F,11,12,51
-3,2,women209,=3F,36,67,51
-4,3,women209,=3F,61,122,51
-2,4,women209,=3F,86,177,51
-3,5,women209,=3F,111,232,51
-3,6,women209,=3F,136,287,51
-4,7,women209,=3F,161,342,51
-3,8,women209,=3F,186,397,51
-2,9,women209,=3F,211,452,51
-3,1,women209,=3Lo,11,20,81
-3,2,women209,=3Lo,36,75,81
-3,3,women209,=3Lo,61,130,81
-2,4,women209,=3Lo,86,185,81
-3,5,women209,=3Lo,111,240,81
-3,6,women209,=3Lo,136,295,81
-3,7,women209,=3Lo,161,350,81
-4,8,women209,=3Lo,186,405,81
-3,9,women209,=3Lo,211,460,81
-5,1,women209,=3Lo+3Lo,11,25,99
-5,2,women209,=3Lo+3Lo,36,80,99
-5,3,women209,=3Lo+3Lo,61,135,99
-5,4,women209,=3Lo+3Lo,86,190,99
-5,5,women209,=3Lo+3Lo,111,245,99
-5,6,women209,=3Lo+3Lo,136,300,99
-5,7,women209,=3Lo+3Lo,161,355,99
-5,8,women209,=3Lo+3Lo,186,410,99
-5,9,women209,=3Lo+3Lo,211,465,99
0,1,women209,=3Lz+2T+2Lo,11,30,125
2,2,women209,=3Lz+2T+2Lo,36,85,125
1,3,women209,=3Lz+2T+2Lo,61,140,125
2,4,women209,=3Lz+2T+2Lo,86,195,125
2,5,women209,=3Lz+2T+2Lo,111,250,125
2,6,women209,=3Lz+2T+2Lo,136,305,125
1,7,women209,=3Lz+2T+2Lo,161,360,125
2,8,women209,=3Lz+2T+2Lo,186,415,125
2,9,women209,=3Lz+2T+2Lo,211,470,125
-1,1,women209,=3S,11,34,142
-1,2,women209,=3S,36,89,142
-2,3,women209,=3S,61,144,142
-1,4,women209,=3S,86,199,142
-1,5,women209,=3S,111,254,142
0,6,women209,=3S,136,309,142
-2,7,women209,=3S,161,364,142
-1,8,women209,=3S,186,419,142
-1,9,women209,=3S,211,474,142
4,1,women209,=CCoSp,11,47,180
3,2,women209,=CCoSp,36,102,180
3,3,women209,=CCoSp,61,157,180
3,4,women209,=CCoSp,86,212,180
4,5,women209,=CCoSp,111,267,180
3,6,women209,=CCoSp,136,322,180
4,7,women209,=CCoSp,161,377,180
4,8,women209,=CCoSp,186,432,180
4,9,women209,=CCoSp,211,487,180
4,1,women209,=ChSq,11,48,205
3,2,women209,=ChSq,36,103,205
3,3,women209,=ChSq,61,158,205
3,4,women209,=ChSq,86,213,205
3,5,women209,=ChSq,111,268,205
3,6,women209,=ChSq,136,323,205
2,7,women209,=ChSq,161,378,205
3,8,women209,=ChSq,186,433,205
3,9,women209,=ChSq,211,488,205
2,1,women209,=FCCoSp,11,49,228
2,2,women209,=FCCoSp,36,104,228
3,3,women209,=FCCoSp,61,159,228
2,4,women209,=FCCoSp,86,214,228
3,5,women209,=FCCoSp,111,269,228
3,6,women209,=FCCoSp,136,324,228
2,7,women209,=FCCoSp,161,379,228
2,8,women209,=FCCoSp,186,434,228
2,9,women209,=FCCoSp,211,489,228
3,1,women209,=LSp,11,53,259
3,2,women209,=LSp,36,108,259
3,3,women209,=LSp,61,163,259
4,4,women209,=LSp,86,218,259
4,5,women209,=LSp,111,273,259
3,6,women209,=LSp,136,328,259
4,7,women209,=LSp,161,383,259
4,8,women209,=LSp,186,438,259
4,9,women209,=LSp,211,493,259
2,1,women209,=StSq,11,55,280
2,2,women209,=StSq,36,110,280
3,3,women209,=StSq,61,165,280
3,4,women209,=StSq,86,220,280
3,5,women209,=StSq,111,275,280
3,6,women209,=StSq,136,330,280
3,7,women209,=StSq,161,385,280
2,8,women209,=StSq,186,440,280
3,9,women209,=StSq,211,495,280
2,1,women222,=2A,12,4,13
2,2,women222,=2A,37,59,13
1,3,women222,=2A,62,114,13
2,4,women222,=2A,87,169,13
1,5,women222,=2A,112,224,13
2,6,women222,=2A,137,279,13
2,7,women222,=2A,162,334,13
2,8,women222,=2A,187,389,13
2,9,women222,=2A,212,444,13
-2,1,women222,=2A+3T,12,7,32
0,2,women222,=2A+3T,37,62,32
-2,3,women222,=2A+3T,62,117,32
-2,4,women222,=2A+3T,87,172,32
-2,5,women222,=2A+3T,112,227,32
0,6,women222,=2A+3T,137,282,32
-2,7,women222,=2A+3T,162,337,32
-2,8,women222,=2A+3T,187,392,32
0,9,women222,=2A+3T,212,447,32
1,1,women222,=2S,12,10,39
1,2,women222,=2S,37,65,39
0,3,women222,=2S,62,120,39
1,4,women222,=2S,87,175,39
2,5,women222,=2S,112,230,39
2,6,women222,=2S,137,285,39
1,7,women222,=2S,162,340,39
1,8,women222,=2S,187,395,39
1,9,women222,=2S,212,450,39
-2,1,women222,=3F,12,12,52
-1,2,women222,=3F,37,67,52
-2,3,women222,=3F,62,122,52
-2,4,women222,=3F,87,177,52
-3,5,women222,=3F,112,232,52
0,6,women222,=3F,137,287,52
-2,7,women222,=3F,162,342,52
-2,8,women222,=3F,187,397,52
-1,9,women222,=3F,212,452,52
-5,1,women222,=3Lo,12,20,82
-5,2,women222,=3Lo,37,75,82
-5,3,women222,=3Lo,62,130,82
-5,4,women222,=3Lo,87,185,82
-5,5,women222,=3Lo,112,240,82
-5,6,women222,=3Lo,137,295,82
-5,7,women222,=3Lo,162,350,82
-5,8,women222,=3Lo,187,405,82
-5,9,women222,=3Lo,212,460,82
-5,1,women222,=3Lo+2T+2Lo,12,24,97
-5,2,women222,=3Lo+2T+2Lo,37,79,97
-5,3,women222,=3Lo+2T+2Lo,62,134,97
-3,4,women222,=3Lo+2T+2Lo,87,189,97
-4,5,women222,=3Lo+2T+2Lo,112,244,97
-5,6,women222,=3Lo+2T+2Lo,137,299,97
-5,7,women222,=3Lo+2T+2Lo,162,354,97
-5,8,women222,=3Lo+2T+2Lo,187,409,97
-3,9,women222,=3Lo+2T+2Lo,212,464,97
2,1,women222,=3Lz+3T,12,33,134
2,2,women222,=3Lz+3T,37,88,134
2,3,women222,=3Lz+3T,62,143,134
3,4,women222,=3Lz+3T,87,198,134
3,5,women222,=3Lz+3T,112,253,134
3,6,women222,=3Lz+3T,137,308,134
2,7,women222,=3Lz+3T,162,363,134
3,8,women222,=3Lz+3T,187,418,134
3,9,women222,=3Lz+3T,212,473,134
2,1,women222,=CCoSp,12,47,181
2,2,women222,=CCoSp,37,102,181
1,3,women222,=CCoSp,62,157,181
1,4,women222,=CCoSp,87,212,181
1,5,women222,=CCoSp,112,267,181
2,6,women222,=CCoSp,137,322,181
2,7,women222,=CCoSp,162,377,181
2,8,women222,=CCoSp,187,432,181
2,9,women222,=CCoSp,212,487,181
2,1,women222,=ChSq,12,48,206
3,2,women222,=ChSq,37,103,206
2,3,women222,=ChSq,62,158,206
2,4,women222,=ChSq,87,213,206
3,5,women222,=ChSq,112,268,206
3,6,women222,=ChSq,137,323,206
3,7,women222,=ChSq,162,378,206
3,8,women222,=ChSq,187,433,206
3,9,women222,=ChSq,212,488,206
2,1,women222,=FCCoSp,12,49,229
2,2,women222,=FCCoSp,37,104,229
2,3,women222,=FCCoSp,62,159,229
2,4,women222,=FCCoSp,87,214,229
2,5,women222,=FCCoSp,112,269,229
2,6,women222,=FCCoSp,137,324,229
3,7,women222,=FCCoSp,162,379,229
2,8,women222,=FCCoSp,187,434,229
3,9,women222,=FCCoSp,212,489,229
2,1,women222,=FCSp,12,51,245
2,2,women222,=FCSp,37,106,245
2,3,women222,=FCSp,62,161,245
2,4,women222,=FCSp,87,216,245
2,5,women222,=FCSp,112,271,245
2,6,women222,=FCSp,137,326,245
2,7,women222,=FCSp,162,381,245
2,8,women222,=FCSp,187,436,245
2,9,women222,=FCSp,212,491,245
2,1,women222,=StSq,12,55,281
2,2,women222,=StSq,37,110,281
2,3,women222,=StSq,62,165,281
2,4,women222,=StSq,87,220,281
2,5,women222,=StSq,112,275,281
2,6,women222,=StSq,137,330,281
2,7,women222,=StSq,162,385,281
2,8,women222,=StSq,187,440,281
3,9,women222,=StSq,212,495,281
2,1,women235,=2A,13,4,14
2,2,women235,=2A,38,59,14
1,3,women235,=2A,63,114,14
1,4,women235,=2A,88,169,14
2,5,women235,=2A,113,224,14
3,6,women235,=2A,138,279,14
2,7,women235,=2A,163,334,14
2,8,women235,=2A,188,389,14
2,9,women235,=2A,213,444,14
-5,1,women235,=3F,13,12,53
-5,2,women235,=3F,38,67,53
-5,3,women235,=3F,63,122,53
-5,4,women235,=3F,88,177,53
-5,5,women235,=3F,113,232,53
-5,6,women235,=3F,138,287,53
-5,7,women235,=3F,163,342,53
-5,8,women235,=3F,188,397,53
-5,9,women235,=3F,213,452,53
1,1,women235,=3F+3T,13,19,71
1,2,women235,=3F+3T,38,74,71
2,3,women235,=3F+3T,63,129,71
2,4,women235,=3F+3T,88,184,71
2,5,women235,=3F+3T,113,239,71
2,6,women235,=3F+3T,138,294,71
1,7,women235,=3F+3T,163,349,71
2,8,women235,=3F+3T,188,404,71
2,9,women235,=3F+3T,213,459,71
1,1,women235,=3Lo+2T,13,23,96
1,2,women235,=3Lo+2T,38,78,96
1,3,women235,=3Lo+2T,63,133,96
2,4,women235,=3Lo+2T,88,188,96
1,5,women235,=3Lo+2T,113,243,96
2,6,women235,=3Lo+2T,138,298,96
1,7,women235,=3Lo+2T,163,353,96
1,8,women235,=3Lo+2T,188,408,96
2,9,women235,=3Lo+2T,213,463,96
-2,1,women235,=3S,13,34,143
-3,2,women235,=3S,38,89,143
-3,3,women235,=3S,63,144,143
-3,4,women235,=3S,88,199,143
-3,5,women235,=3S,113,254,143
-5,6,women235,=3S,138,309,143
-4,7,women235,=3S,163,364,143
-4,8,women235,=3S,188,419,143
-3,9,women235,=3S,213,474,143
0,1,women235,=3S+2T,13,35,151
1,2,women235,=3S+2T,38,90,151
0,3,women235,=3S+2T,63,145,151
-1,4,women235,=3S+2T,88,200,151
-2,5,women235,=3S+2T,113,255,151
-1,6,women235,=3S+2T,138,310,151
1,7,women235,=3S+2T,163,365,151
-2,8,women235,=3S+2T,188,420,151
0,9,women235,=3S+2T,213,475,151
2,1,women235,=CCoSp,13,47,182
2,2,women235,=CCoSp,38,102,182
2,3,women235,=CCoSp,63,157,182
2,4,women235,=CCoSp,88,212,182
2,5,women235,=CCoSp,113,267,182
2,6,women235,=CCoSp,138,322,182
2,7,women235,=CCoSp,163,377,182
2,8,women235,=CCoSp,188,432,182
2,9,women235,=CCoSp,213,487,182
3,1,women235,=ChSq,13,48,207
1,2,women235,=ChSq,38,103,207
2,3,women235,=ChSq,63,158,207
2,4,women235,=ChSq,88,213,207
2,5,women235,=ChSq,113,268,207
2,6,women235,=ChSq,138,323,207
1,7,women235,=ChSq,163,378,207
1,8,women235,=ChSq,188,433,207
3,9,women235,=ChSq,213,488,207
2,1,women235,=FCSp,13,51,246
2,2,women235,=FCSp,38,106,246
1,3,women235,=FCSp,63,161,246
1,4,women235,=FCSp,88,216,246
1,5,women235,=FCSp,113,271,246
2,6,women235,=FCSp,138,326,246
1,7,women235,=FCSp,163,381,246
2,8,women235,=FCSp,188,436,246
1,9,women235,=FCSp,213,491,246
2,1,women235,=LSp,13,53,260
2,2,women235,=LSp,38,108,260
1,3,women235,=LSp,63,163,260
2,4,women235,=LSp,88,218,260
2,5,women235,=LSp,113,273,260
3,6,women235,=LSp,138,328,260
2,7,women235,=LSp,163,383,260
3,8,women235,=LSp,188,438,260
2,9,women235,=LSp,213,493,260
3,1,women235,=StSq,13,55,282
2,2,women235,=StSq,38,110,282
2,3,women235,=StSq,63,165,282
2,4,women235,=StSq,88,220,282
2,5,women235,=StSq,113,275,282
2,6,women235,=StSq,138,330,282
1,7,women235,=StSq,163,385,282
1,8,women235,=StSq,188,440,282
1,9,women235,=StSq,213,495,282
0,1,women248,=1Lo,14,1,1
0,2,women248,=1Lo,39,56,1
0,3,women248,=1Lo,64,111,1
0,4,women248,=1Lo,89,166,1
0,5,women248,=1Lo,114,221,1
0,6,women248,=1Lo,139,276,1
0,7,women248,=1Lo,164,331,1
0,8,women248,=1Lo,189,386,1
0,9,women248,=1Lo,214,441,1
1,1,women248,=2A,14,4,15
2,2,women248,=2A,39,59,15
1,3,women248,=2A,64,114,15
2,4,women248,=2A,89,169,15
1,5,women248,=2A,114,224,15
2,6,women248,=2A,139,279,15
1,7,women248,=2A,164,334,15
2,8,women248,=2A,189,389,15
2,9,women248,=2A,214,444,15
-5,1,women248,=3F,14,12,54
-5,2,women248,=3F,39,67,54
-5,3,women248,=3F,64,122,54
-5,4,women248,=3F,89,177,54
-5,5,women248,=3F,114,232,54
-5,6,women248,=3F,139,287,54
-5,7,women248,=3F,164,342,54
-5,8,women248,=3F,189,397,54
-5,9,women248,=3F,214,452,54
1,1,women248,=3Lz,14,26,106
2,2,women248,=3Lz,39,81,106
1,3,women248,=3Lz,64,136,106
1,4,women248,=3Lz,89,191,106
1,5,women248,=3Lz,114,246,106
2,6,women248,=3Lz,139,301,106
1,7,women248,=3Lz,164,356,106
0,8,women248,=3Lz,189,411,106
-1,9,women248,=3Lz,214,466,106
1,1,women248,=3Lz+2T,14,29,121
1,2,women248,=3Lz+2T,39,84,121
1,3,women248,=3Lz+2T,64,139,121
1,4,women248,=3Lz+2T,89,194,121
2,5,women248,=3Lz+2T,114,249,121
0,6,women248,=3Lz+2T,139,304,121
1,7,women248,=3Lz+2T,164,359,121
1,8,women248,=3Lz+2T,189,414,121
0,9,women248,=3Lz+2T,214,469,121
-2,1,women248,=3T+3T,14,39,158
-2,2,women248,=3T+3T,39,94,158
-3,3,women248,=3T+3T,64,149,158
-2,4,women248,=3T+3T,89,204,158
-1,5,women248,=3T+3T,114,259,158
-4,6,women248,=3T+3T,139,314,158
-1,7,women248,=3T+3T,164,369,158
-1,8,women248,=3T+3T,189,424,158
-2,9,women248,=3T+3T,214,479,158
2,1,women248,=CCoSp,14,47,183
2,2,women248,=CCoSp,39,102,183
1,3,women248,=CCoSp,64,157,183
1,4,women248,=CCoSp,89,212,183
2,5,women248,=CCoSp,114,267,183
2,6,women248,=CCoSp,139,322,183
2,7,women248,=CCoSp,164,377,183
2,8,women248,=CCoSp,189,432,183
2,9,women248,=CCoSp,214,487,183
3,1,women248,=ChSq,14,48,208
2,2,women248,=ChSq,39,103,208
2,3,women248,=ChSq,64,158,208
1,4,women248,=ChSq,89,213,208
1,5,women248,=ChSq,114,268,208
2,6,women248,=ChSq,139,323,208
2,7,women248,=ChSq,164,378,208
2,8,women248,=ChSq,189,433,208
0,9,women248,=ChSq,214,488,208
2,1,women248,=FCCoSp,14,49,230
2,2,women248,=FCCoSp,39,104,230
1,3,women248,=FCCoSp,64,159,230
2,4,women248,=FCCoSp,89,214,230
2,5,women248,=FCCoSp,114,269,230
2,6,women248,=FCCoSp,139,324,230
2,7,women248,=FCCoSp,164,379,230
2,8,women248,=FCCoSp,189,434,230
2,9,women248,=FCCoSp,214,489,230
2,1,women248,=LSp,14,53,261
2,2,women248,=LSp,39,108,261
2,3,women248,=LSp,64,163,261
2,4,women248,=LSp,89,218,261
2,5,women248,=LSp,114,273,261
2,6,women248,=LSp,139,328,261
2,7,women248,=LSp,164,383,261
3,8,women248,=LSp,189,438,261
2,9,women248,=LSp,214,493,261
2,1,women248,=StSq,14,55,283
2,2,women248,=StSq,39,110,283
1,3,women248,=StSq,64,165,283
2,4,women248,=StSq,89,220,283
2,5,women248,=StSq,114,275,283
2,6,women248,=StSq,139,330,283
2,7,women248,=StSq,164,385,283
3,8,women248,=StSq,189,440,283
2,9,women248,=StSq,214,495,283
1,1,women261,=2A+2T,15,6,25
2,2,women261,=2A+2T,40,61,25
1,3,women261,=2A+2T,65,116,25
1,4,women261,=2A+2T,90,171,25
1,5,women261,=2A+2T,115,226,25
1,6,women261,=2A+2T,140,281,25
1,7,women261,=2A+2T,165,336,25
0,8,women261,=2A+2T,190,391,25
1,9,women261,=2A+2T,215,446,25
1,1,women261,=2A+3T,15,7,33
2,2,women261,=2A+3T,40,62,33
1,3,women261,=2A+3T,65,117,33
2,4,women261,=2A+3T,90,172,33
2,5,women261,=2A+3T,115,227,33
1,6,women261,=2A+3T,140,282,33
1,7,women261,=2A+3T,165,337,33
3,8,women261,=2A+3T,190,392,33
2,9,women261,=2A+3T,215,447,33
-1,1,women261,=3F,15,12,55
0,2,women261,=3F,40,67,55
-1,3,women261,=3F,65,122,55
0,4,women261,=3F,90,177,55
0,5,women261,=3F,115,232,55
0,6,women261,=3F,140,287,55
0,7,women261,=3F,165,342,55
2,8,women261,=3F,190,397,55
1,9,women261,=3F,215,452,55
2,1,women261,=3Lo,15,20,83
2,2,women261,=3Lo,40,75,83
1,3,women261,=3Lo,65,130,83
2,4,women261,=3Lo,90,185,83
2,5,women261,=3Lo,115,240,83
2,6,women261,=3Lo,140,295,83
1,7,women261,=3Lo,165,350,83
3,8,women261,=3Lo,190,405,83
2,9,women261,=3Lo,215,460,83
-2,1,women261,=3Lz,15,26,107
1,2,women261,=3Lz,40,81,107
-3,3,women261,=3Lz,65,136,107
-1,4,women261,=3Lz,90,191,107
-3,5,women261,=3Lz,115,246,107
-3,6,women261,=3Lz,140,301,107
-2,7,women261,=3Lz,165,356,107
-2,8,women261,=3Lz,190,411,107
-3,9,women261,=3Lz,215,466,107
-5,1,women261,=3Lz+2T,15,29,122
-5,2,women261,=3Lz+2T,40,84,122
-5,3,women261,=3Lz+2T,65,139,122
-5,4,women261,=3Lz+2T,90,194,122
-5,5,women261,=3Lz+2T,115,249,122
-5,6,women261,=3Lz+2T,140,304,122
-5,7,women261,=3Lz+2T,165,359,122
-5,8,women261,=3Lz+2T,190,414,122
-5,9,women261,=3Lz+2T,215,469,122
-5,1,women261,=3S,15,34,144
-5,2,women261,=3S,40,89,144
-5,3,women261,=3S,65,144,144
-5,4,women261,=3S,90,199,144
-5,5,women261,=3S,115,254,144
-5,6,women261,=3S,140,309,144
-5,7,women261,=3S,165,364,144
-5,8,women261,=3S,190,419,144
-5,9,women261,=3S,215,474,144
2,1,women261,=CCoSp,15,47,184
2,2,women261,=CCoSp,40,102,184
1,3,women261,=CCoSp,65,157,184
1,4,women261,=CCoSp,90,212,184
1,5,women261,=CCoSp,115,267,184
2,6,women261,=CCoSp,140,322,184
1,7,women261,=CCoSp,165,377,184
1,8,women261,=CCoSp,190,432,184
2,9,women261,=CCoSp,215,487,184
2,1,women261,=ChSq,15,48,209
1,2,women261,=ChSq,40,103,209
1,3,women261,=ChSq,65,158,209
0,4,women261,=ChSq,90,213,209
1,5,women261,=ChSq,115,268,209
1,6,women261,=ChSq,140,323,209
1,7,women261,=ChSq,165,378,209
2,8,women261,=ChSq,190,433,209
0,9,women261,=ChSq,215,488,209
1,1,women261,=FCCoSp,15,49,231
1,2,women261,=FCCoSp,40,104,231
1,3,women261,=FCCoSp,65,159,231
1,4,women261,=FCCoSp,90,214,231
1,5,women261,=FCCoSp,115,269,231
2,6,women261,=FCCoSp,140,324,231
2,7,women261,=FCCoSp,165,379,231
2,8,women261,=FCCoSp,190,434,231
2,9,women261,=FCCoSp,215,489,231
1,1,women261,=FCSSp,15,50,239
1,2,women261,=FCSSp,40,105,239
1,3,women261,=FCSSp,65,160,239
1,4,women261,=FCSSp,90,215,239
2,5,women261,=FCSSp,115,270,239
2,6,women261,=FCSSp,140,325,239
1,7,women261,=FCSSp,165,380,239
1,8,women261,=FCSSp,190,435,239
2,9,women261,=FCSSp,215,490,239
2,1,women261,=StSq,15,55,284
1,2,women261,=StSq,40,110,284
1,3,women261,=StSq,65,165,284
1,4,women261,=StSq,90,220,284
1,5,women261,=StSq,115,275,284
2,6,women261,=StSq,140,330,284
1,7,women261,=StSq,165,385,284
1,8,women261,=StSq,190,440,284
1,9,women261,=StSq,215,495,284
4,1,women27,=2A,16,4,16
4,2,women27,=2A,41,59,16
4,3,women27,=2A,66,114,16
5,4,women27,=2A,91,169,16
5,5,women27,=2A,116,224,16
5,6,women27,=2A,141,279,16
5,7,women27,=2A,166,334,16
4,8,women27,=2A,191,389,16
4,9,women27,=2A,216,444,16
3,1,women27,=2A+3T+2T,16,8,36
3,2,women27,=2A+3T+2T,41,63,36
3,3,women27,=2A+3T+2T,66,118,36
4,4,women27,=2A+3T+2T,91,173,36
3,5,women27,=2A+3T+2T,116,228,36
3,6,women27,=2A+3T+2T,141,283,36
3,7,women27,=2A+3T+2T,166,338,36
3,8,women27,=2A+3T+2T,191,393,36
3,9,women27,=2A+3T+2T,216,448,36
2,1,women27,=3F+2T,16,15,64
3,2,women27,=3F+2T,41,70,64
3,3,women27,=3F+2T,66,125,64
3,4,women27,=3F+2T,91,180,64
2,5,women27,=3F+2T,116,235,64
4,6,women27,=3F+2T,141,290,64
3,7,women27,=3F+2T,166,345,64
3,8,women27,=3F+2T,191,400,64
3,9,women27,=3F+2T,216,455,64
3,1,women27,=3F+3T,16,19,72
4,2,women27,=3F+3T,41,74,72
3,3,women27,=3F+3T,66,129,72
4,4,women27,=3F+3T,91,184,72
4,5,women27,=3F+3T,116,239,72
4,6,women27,=3F+3T,141,294,72
4,7,women27,=3F+3T,166,349,72
4,8,women27,=3F+3T,191,404,72
4,9,women27,=3F+3T,216,459,72
3,1,women27,=3Lo,16,20,84
4,2,women27,=3Lo,41,75,84
3,3,women27,=3Lo,66,130,84
4,4,women27,=3Lo,91,185,84
5,5,women27,=3Lo,116,240,84
5,6,women27,=3Lo,141,295,84
3,7,women27,=3Lo,166,350,84
5,8,women27,=3Lo,191,405,84
5,9,women27,=3Lo,216,460,84
1,1,women27,=3Lz,16,26,108
2,2,women27,=3Lz,41,81,108
0,3,women27,=3Lz,66,136,108
1,4,women27,=3Lz,91,191,108
3,5,women27,=3Lz,116,246,108
2,6,women27,=3Lz,141,301,108
1,7,women27,=3Lz,166,356,108
3,8,women27,=3Lz,191,411,108
3,9,women27,=3Lz,216,466,108
2,1,women27,=3S,16,34,145
3,2,women27,=3S,41,89,145
3,3,women27,=3S,66,144,145
4,4,women27,=3S,91,199,145
3,5,women27,=3S,116,254,145
5,6,women27,=3S,141,309,145
3,7,women27,=3S,166,364,145
3,8,women27,=3S,191,419,145
4,9,women27,=3S,216,474,145
3,1,women27,=CCoSp,16,47,185
3,2,women27,=CCoSp,41,102,185
3,3,women27,=CCoSp,66,157,185
2,4,women27,=CCoSp,91,212,185
1,5,women27,=CCoSp,116,267,185
2,6,women27,=CCoSp,141,322,185
2,7,women27,=CCoSp,166,377,185
0,8,women27,=CCoSp,191,432,185
2,9,women27,=CCoSp,216,487,185
4,1,women27,=ChSq,16,48,210
4,2,women27,=ChSq,41,103,210
3,3,women27,=ChSq,66,158,210
4,4,women27,=ChSq,91,213,210
4,5,women27,=ChSq,116,268,210
4,6,women27,=ChSq,141,323,210
5,7,women27,=ChSq,166,378,210
3,8,women27,=ChSq,191,433,210
4,9,women27,=ChSq,216,488,210
4,1,women27,=FCCoSp,16,49,232
3,2,women27,=FCCoSp,41,104,232
3,3,women27,=FCCoSp,66,159,232
3,4,women27,=FCCoSp,91,214,232
3,5,women27,=FCCoSp,116,269,232
4,6,women27,=FCCoSp,141,324,232
3,7,women27,=FCCoSp,166,379,232
3,8,women27,=FCCoSp,191,434,232
3,9,women27,=FCCoSp,216,489,232
3,1,women27,=FSSp,16,52,250
3,2,women27,=FSSp,41,107,250
3,3,women27,=FSSp,66,162,250
3,4,women27,=FSSp,91,217,250
3,5,women27,=FSSp,116,272,250
4,6,women27,=FSSp,141,327,250
3,7,women27,=FSSp,166,382,250
3,8,women27,=FSSp,191,437,250
3,9,women27,=FSSp,216,492,250
4,1,women27,=StSq,16,55,285
3,2,women27,=StSq,41,110,285
3,3,women27,=StSq,66,165,285
4,4,women27,=StSq,91,220,285
4,5,women27,=StSq,116,275,285
4,6,women27,=StSq,141,330,285
4,7,women27,=StSq,166,385,285
4,8,women27,=StSq,191,440,285
4,9,women27,=StSq,216,495,285
1,1,women274,=2A,17,4,17
2,2,women274,=2A,42,59,17
1,3,women274,=2A,67,114,17
1,4,women274,=2A,92,169,17
1,5,women274,=2A,117,224,17
1,6,women274,=2A,142,279,17
2,7,women274,=2A,167,334,17
2,8,women274,=2A,192,389,17
1,9,women274,=2A,217,444,17
-1,1,women274,=2A+2T,17,6,26
-1,2,women274,=2A+2T,42,61,26
-2,3,women274,=2A+2T,67,116,26
-1,4,women274,=2A+2T,92,171,26
-2,5,women274,=2A+2T,117,226,26
-1,6,women274,=2A+2T,142,281,26
-1,7,women274,=2A+2T,167,336,26
-2,8,women274,=2A+2T,192,391,26
-1,9,women274,=2A+2T,217,446,26
1,1,women274,=2Lz,17,9,38
0,2,women274,=2Lz,42,64,38
0,3,women274,=2Lz,67,119,38
0,4,women274,=2Lz,92,174,38
0,5,women274,=2Lz,117,229,38
0,6,women274,=2Lz,142,284,38
0,7,women274,=2Lz,167,339,38
0,8,women274,=2Lz,192,394,38
1,9,women274,=2Lz,217,449,38
-1,1,women274,=3Lo,17,20,85
-1,2,women274,=3Lo,42,75,85
-2,3,women274,=3Lo,67,130,85
-1,4,women274,=3Lo,92,185,85
-1,5,women274,=3Lo,117,240,85
-1,6,women274,=3Lo,142,295,85
-1,7,women274,=3Lo,167,350,85
-2,8,women274,=3Lo,192,405,85
-1,9,women274,=3Lo,217,460,85
-3,1,women274,=3Lo+1Eu+3S,17,21,92
-3,2,women274,=3Lo+1Eu+3S,42,76,92
-4,3,women274,=3Lo+1Eu+3S,67,131,92
-2,4,women274,=3Lo+1Eu+3S,92,186,92
-4,5,women274,=3Lo+1Eu+3S,117,241,92
-3,6,women274,=3Lo+1Eu+3S,142,296,92
-4,7,women274,=3Lo+1Eu+3S,167,351,92
-4,8,women274,=3Lo+1Eu+3S,192,406,92
-1,9,women274,=3Lo+1Eu+3S,217,461,92
-2,1,women274,=3Lz,17,26,109
-1,2,women274,=3Lz,42,81,109
-2,3,women274,=3Lz,67,136,109
-2,4,women274,=3Lz,92,191,109
-2,5,women274,=3Lz,117,246,109
-2,6,women274,=3Lz,142,301,109
-2,7,women274,=3Lz,167,356,109
-2,8,women274,=3Lz,192,411,109
-1,9,women274,=3Lz,217,466,109
1,1,women274,=3T+2T,17,38,157
2,2,women274,=3T+2T,42,93,157
1,3,women274,=3T+2T,67,148,157
1,4,women274,=3T+2T,92,203,157
2,5,women274,=3T+2T,117,258,157
2,6,women274,=3T+2T,142,313,157
1,7,women274,=3T+2T,167,368,157
0,8,women274,=3T+2T,192,423,157
1,9,women274,=3T+2T,217,478,157
0,1,women274,=CCoSp,17,47,186
1,2,women274,=CCoSp,42,102,186
1,3,women274,=CCoSp,67,157,186
1,4,women274,=CCoSp,92,212,186
-1,5,women274,=CCoSp,117,267,186
2,6,women274,=CCoSp,142,322,186
0,7,women274,=CCoSp,167,377,186
0,8,women274,=CCoSp,192,432,186
-1,9,women274,=CCoSp,217,487,186
2,1,women274,=ChSq,17,48,211
1,2,women274,=ChSq,42,103,211
2,3,women274,=ChSq,67,158,211
1,4,women274,=ChSq,92,213,211
2,5,women274,=ChSq,117,268,211
2,6,women274,=ChSq,142,323,211
2,7,women274,=ChSq,167,378,211
1,8,women274,=ChSq,192,433,211
1,9,women274,=ChSq,217,488,211
2,1,women274,=FCSp,17,51,247
2,2,women274,=FCSp,42,106,247
1,3,women274,=FCSp,67,161,247
2,4,women274,=FCSp,92,216,247
1,5,women274,=FCSp,117,271,247
2,6,women274,=FCSp,142,326,247
1,7,women274,=FCSp,167,381,247
1,8,women274,=FCSp,192,436,247
1,9,women274,=FCSp,217,491,247
1,1,women274,=LSp,17,53,262
1,2,women274,=LSp,42,108,262
1,3,women274,=LSp,67,163,262
0,4,women274,=LSp,92,218,262
0,5,women274,=LSp,117,273,262
2,6,women274,=LSp,142,328,262
1,7,women274,=LSp,167,383,262
0,8,women274,=LSp,192,438,262
0,9,women274,=LSp,217,493,262
1,1,women274,=StSq,17,55,286
1,2,women274,=StSq,42,110,286
1,3,women274,=StSq,67,165,286
1,4,women274,=StSq,92,220,286
0,5,women274,=StSq,117,275,286
2,6,women274,=StSq,142,330,286
1,7,women274,=StSq,167,385,286
1,8,women274,=StSq,192,440,286
1,9,women274,=StSq,217,495,286
-2,1,women287,=2A+3T+2T,18,8,37
-1,2,women287,=2A+3T+2T,43,63,37
-3,3,women287,=2A+3T+2T,68,118,37
-2,4,women287,=2A+3T+2T,93,173,37
-4,5,women287,=2A+3T+2T,118,228,37
-5,6,women287,=2A+3T+2T,143,283,37
-2,7,women287,=2A+3T+2T,168,338,37
-3,8,women287,=2A+3T+2T,193,393,37
-1,9,women287,=2A+3T+2T,218,448,37
-5,1,women287,=3A,18,11,40
-5,2,women287,=3A,43,66,40
-5,3,women287,=3A,68,121,40
-4,4,women287,=3A,93,176,40
-5,5,women287,=3A,118,231,40
-5,6,women287,=3A,143,286,40
-5,7,women287,=3A,168,341,40
-5,8,women287,=3A,193,396,40
-5,9,women287,=3A,218,451,40
-5,1,women287,=3F,18,12,56
-5,2,women287,=3F,43,67,56
-5,3,women287,=3F,68,122,56
-5,4,women287,=3F,93,177,56
-5,5,women287,=3F,118,232,56
-5,6,women287,=3F,143,287,56
-5,7,women287,=3F,168,342,56
-5,8,women287,=3F,193,397,56
-5,9,women287,=3F,218,452,56
2,1,women287,=3Lo,18,20,86
2,2,women287,=3Lo,43,75,86
1,3,women287,=3Lo,68,130,86
2,4,women287,=3Lo,93,185,86
2,5,women287,=3Lo,118,240,86
3,6,women287,=3Lo,143,295,86
2,7,women287,=3Lo,168,350,86
3,8,women287,=3Lo,193,405,86
3,9,women287,=3Lo,218,460,86
-5,1,women287,=3Lz,18,26,110
-5,2,women287,=3Lz,43,81,110
-5,3,women287,=3Lz,68,136,110
-5,4,women287,=3Lz,93,191,110
-5,5,women287,=3Lz,118,246,110
-5,6,women287,=3Lz,143,301,110
-5,7,women287,=3Lz,168,356,110
-5,8,women287,=3Lz,193,411,110
-5,9,women287,=3Lz,218,466,110
-5,1,women287,=3Lz+3Lz,18,32,128
-5,2,women287,=3Lz+3Lz,43,87,128
-5,3,women287,=3Lz+3Lz,68,142,128
-5,4,women287,=3Lz+3Lz,93,197,128
-5,5,women287,=3Lz+3Lz,118,252,128
-5,6,women287,=3Lz+3Lz,143,307,128
-5,7,women287,=3Lz+3Lz,168,362,128
-5,8,women287,=3Lz+3Lz,193,417,128
-5,9,women287,=3Lz+3Lz,218,472,128
2,1,women287,=3S,18,34,146
1,2,women287,=3S,43,89,146
0,3,women287,=3S,68,144,146
2,4,women287,=3S,93,199,146
1,5,women287,=3S,118,254,146
2,6,women287,=3S,143,309,146
1,7,women287,=3S,168,364,146
2,8,women287,=3S,193,419,146
0,9,women287,=3S,218,474,146
2,1,women287,=CCoSp,18,47,187
2,2,women287,=CCoSp,43,102,187
1,3,women287,=CCoSp,68,157,187
1,4,women287,=CCoSp,93,212,187
2,5,women287,=CCoSp,118,267,187
3,6,women287,=CCoSp,143,322,187
2,7,women287,=CCoSp,168,377,187
3,8,women287,=CCoSp,193,432,187
2,9,women287,=CCoSp,218,487,187
2,1,women287,=ChSq,18,48,212
2,2,women287,=ChSq,43,103,212
1,3,women287,=ChSq,68,158,212
2,4,women287,=ChSq,93,213,212
2,5,women287,=ChSq,118,268,212
3,6,women287,=ChSq,143,323,212
2,7,women287,=ChSq,168,378,212
3,8,women287,=ChSq,193,433,212
3,9,women287,=ChSq,218,488,212
2,1,women287,=FSSp,18,52,251
1,2,women287,=FSSp,43,107,251
1,3,women287,=FSSp,68,162,251
0,4,women287,=FSSp,93,217,251
1,5,women287,=FSSp,118,272,251
1,6,women287,=FSSp,143,327,251
0,7,women287,=FSSp,168,382,251
-1,8,women287,=FSSp,193,437,251
1,9,women287,=FSSp,218,492,251
3,1,women287,=LSp,18,53,263
2,2,women287,=LSp,43,108,263
2,3,women287,=LSp,68,163,263
3,4,women287,=LSp,93,218,263
3,5,women287,=LSp,118,273,263
3,6,women287,=LSp,143,328,263
3,7,women287,=LSp,168,383,263
3,8,women287,=LSp,193,438,263
3,9,women287,=LSp,218,493,263
2,1,women287,=StSq,18,55,287
2,2,women287,=StSq,43,110,287
1,3,women287,=StSq,68,165,287
2,4,women287,=StSq,93,220,287
2,5,women287,=StSq,118,275,287
2,6,women287,=StSq,143,330,287
2,7,women287,=StSq,168,385,287
2,8,women287,=StSq,193,440,287
2,9,women287,=StSq,218,495,287
-2,1,women300,=2A,19,4,18
-2,2,women300,=2A,44,59,18
-2,3,women300,=2A,69,114,18
-2,4,women300,=2A,94,169,18
-3,5,women300,=2A,119,224,18
0,6,women300,=2A,144,279,18
-3,7,women300,=2A,169,334,18
-3,8,women300,=2A,194,389,18
-2,9,women300,=2A,219,444,18
-2,1,women300,=3F,19,12,57
-1,2,women300,=3F,44,67,57
-2,3,women300,=3F,69,122,57
-1,4,women300,=3F,94,177,57
-2,5,women300,=3F,119,232,57
-2,6,women300,=3F,144,287,57
-1,7,women300,=3F,169,342,57
-2,8,women300,=3F,194,397,57
-1,9,women300,=3F,219,452,57
-2,1,women300,=3Lo,19,20,87
-1,2,women300,=3Lo,44,75,87
-2,3,women300,=3Lo,69,130,87
-2,4,women300,=3Lo,94,185,87
-2,5,women300,=3Lo,119,240,87
-2,6,women300,=3Lo,144,295,87
-2,7,women300,=3Lo,169,350,87
-3,8,women300,=3Lo,194,405,87
-2,9,women300,=3Lo,219,460,87
-5,1,women300,=3Lo+3Lo,19,25,100
-5,2,women300,=3Lo+3Lo,44,80,100
-5,3,women300,=3Lo+3Lo,69,135,100
-5,4,women300,=3Lo+3Lo,94,190,100
-5,5,women300,=3Lo+3Lo,119,245,100
-5,6,women300,=3Lo+3Lo,144,300,100
-5,7,women300,=3Lo+3Lo,169,355,100
-5,8,women300,=3Lo+3Lo,194,410,100
-5,9,women300,=3Lo+3Lo,219,465,100
-1,1,women300,=3Lz+2T,19,29,123
0,2,women300,=3Lz+2T,44,84,123
-1,3,women300,=3Lz+2T,69,139,123
0,4,women300,=3Lz+2T,94,194,123
0,5,women300,=3Lz+2T,119,249,123
0,6,women300,=3Lz+2T,144,304,123
0,7,women300,=3Lz+2T,169,359,123
-1,8,women300,=3Lz+2T,194,414,123
0,9,women300,=3Lz+2T,219,469,123
0,1,women300,=3S+2T+2Lo,19,36,154
-2,2,women300,=3S+2T+2Lo,44,91,154
-2,3,women300,=3S+2T+2Lo,69,146,154
-1,4,women300,=3S+2T+2Lo,94,201,154
-2,5,women300,=3S+2T+2Lo,119,256,154
-2,6,women300,=3S+2T+2Lo,144,311,154
-1,7,women300,=3S+2T+2Lo,169,366,154
-2,8,women300,=3S+2T+2Lo,194,421,154
-2,9,women300,=3S+2T+2Lo,219,476,154
-1,1,women300,=3T+3T,19,39,159
-1,2,women300,=3T+3T,44,94,159
-2,3,women300,=3T+3T,69,149,159
-2,4,women300,=3T+3T,94,204,159
-2,5,women300,=3T+3T,119,259,159
-2,6,women300,=3T+3T,144,314,159
-1,7,women300,=3T+3T,169,369,159
-2,8,women300,=3T+3T,194,424,159
-2,9,women300,=3T+3T,219,479,159
1,1,women300,=CCoSp,19,47,188
1,2,women300,=CCoSp,44,102,188
1,3,women300,=CCoSp,69,157,188
1,4,women300,=CCoSp,94,212,188
1,5,women300,=CCoSp,119,267,188
2,6,women300,=CCoSp,144,322,188
1,7,women300,=CCoSp,169,377,188
1,8,women300,=CCoSp,194,432,188
2,9,women300,=CCoSp,219,487,188
1,1,women300,=ChSq,19,48,213
1,2,women300,=ChSq,44,103,213
1,3,women300,=ChSq,69,158,213
0,4,women300,=ChSq,94,213,213
0,5,women300,=ChSq,119,268,213
-1,6,women300,=ChSq,144,323,213
-1,7,women300,=ChSq,169,378,213
0,8,women300,=ChSq,194,433,213
0,9,women300,=ChSq,219,488,213
1,1,women300,=FCCoSp,19,49,233
0,2,women300,=FCCoSp,44,104,233
1,3,women300,=FCCoSp,69,159,233
1,4,women300,=FCCoSp,94,214,233
2,5,women300,=FCCoSp,119,269,233
2,6,women300,=FCCoSp,144,324,233
1,7,women300,=FCCoSp,169,379,233
1,8,women300,=FCCoSp,194,434,233
2,9,women300,=FCCoSp,219,489,233
2,1,women300,=SSp,19,54,269
1,2,women300,=SSp,44,109,269
1,3,women300,=SSp,69,164,269
1,4,women300,=SSp,94,219,269
1,5,women300,=SSp,119,274,269
2,6,women300,=SSp,144,329,269
0,7,women300,=SSp,169,384,269
1,8,women300,=SSp,194,439,269
1,9,women300,=SSp,219,494,269
1,1,women300,=StSq,19,55,288
0,2,women300,=StSq,44,110,288
0,3,women300,=StSq,69,165,288
-1,4,women300,=StSq,94,220,288
-2,5,women300,=StSq,119,275,288
-1,6,women300,=StSq,144,330,288
0,7,women300,=StSq,169,385,288
0,8,women300,=StSq,194,440,288
0,9,women300,=StSq,219,495,288
1,1,women313,=2A+2T,20,6,27
2,2,women313,=2A+2T,45,61,27
1,3,women313,=2A+2T,70,116,27
1,4,women313,=2A+2T,95,171,27
0,5,women313,=2A+2T,120,226,27
2,6,women313,=2A+2T,145,281,27
1,7,women313,=2A+2T,170,336,27
0,8,women313,=2A+2T,195,391,27
1,9,women313,=2A+2T,220,446,27
2,1,women313,=2A+3T,20,7,34
2,2,women313,=2A+3T,45,62,34
1,3,women313,=2A+3T,70,117,34
3,4,women313,=2A+3T,95,172,34
1,5,women313,=2A+3T,120,227,34
2,6,women313,=2A+3T,145,282,34
1,7,women313,=2A+3T,170,337,34
2,8,women313,=2A+3T,195,392,34
2,9,women313,=2A+3T,220,447,34
-5,1,women313,=3F,20,12,58
-5,2,women313,=3F,45,67,58
-5,3,women313,=3F,70,122,58
-5,4,women313,=3F,95,177,58
-5,5,women313,=3F,120,232,58
-5,6,women313,=3F,145,287,58
-5,7,women313,=3F,170,342,58
-5,8,women313,=3F,195,397,58
-5,9,women313,=3F,220,452,58
-5,1,women313,=3F+3F,20,18,69
-5,2,women313,=3F+3F,45,73,69
-5,3,women313,=3F+3F,70,128,69
-5,4,women313,=3F+3F,95,183,69
-5,5,women313,=3F+3F,120,238,69
-5,6,women313,=3F+3F,145,293,69
-5,7,women313,=3F+3F,170,348,69
-5,8,women313,=3F+3F,195,403,69
-5,9,women313,=3F+3F,220,458,69
-1,1,women313,=3Lz,20,26,111
-2,2,women313,=3Lz,45,81,111
-3,3,women313,=3Lz,70,136,111
-3,4,women313,=3Lz,95,191,111
-2,5,women313,=3Lz,120,246,111
-2,6,women313,=3Lz,145,301,111
-2,7,women313,=3Lz,170,356,111
-3,8,women313,=3Lz,195,411,111
-2,9,women313,=3Lz,220,466,111
1,1,women313,=3S,20,34,147
1,2,women313,=3S,45,89,147
1,3,women313,=3S,70,144,147
2,4,women313,=3S,95,199,147
1,5,women313,=3S,120,254,147
2,6,women313,=3S,145,309,147
1,7,women313,=3S,170,364,147
1,8,women313,=3S,195,419,147
1,9,women313,=3S,220,474,147
-5,1,women313,=3T,20,37,156
-5,2,women313,=3T,45,92,156
-5,3,women313,=3T,70,147,156
-5,4,women313,=3T,95,202,156
-5,5,women313,=3T,120,257,156
-5,6,women313,=3T,145,312,156
-5,7,women313,=3T,170,367,156
-5,8,women313,=3T,195,422,156
-5,9,women313,=3T,220,477,156
1,1,women313,=CCoSp,20,47,189
2,2,women313,=CCoSp,45,102,189
2,3,women313,=CCoSp,70,157,189
2,4,women313,=CCoSp,95,212,189
1,5,women313,=CCoSp,120,267,189
2,6,women313,=CCoSp,145,322,189
1,7,women313,=CCoSp,170,377,189
2,8,women313,=CCoSp,195,432,189
2,9,women313,=CCoSp,220,487,189
2,1,women313,=ChSq,20,48,214
1,2,women313,=ChSq,45,103,214
2,3,women313,=ChSq,70,158,214
1,4,women313,=ChSq,95,213,214
0,5,women313,=ChSq,120,268,214
2,6,women313,=ChSq,145,323,214
1,7,women313,=ChSq,170,378,214
0,8,women313,=ChSq,195,433,214
1,9,women313,=ChSq,220,488,214
1,1,women313,=FSSp,20,52,252
1,2,women313,=FSSp,45,107,252
0,3,women313,=FSSp,70,162,252
0,4,women313,=FSSp,95,217,252
0,5,women313,=FSSp,120,272,252
1,6,women313,=FSSp,145,327,252
1,7,women313,=FSSp,170,382,252
-1,8,women313,=FSSp,195,437,252
2,9,women313,=FSSp,220,492,252
1,1,women313,=LSp,20,53,264
1,2,women313,=LSp,45,108,264
1,3,women313,=LSp,70,163,264
1,4,women313,=LSp,95,218,264
0,5,women313,=LSp,120,273,264
2,6,women313,=LSp,145,328,264
1,7,women313,=LSp,170,383,264
1,8,women313,=LSp,195,438,264
2,9,women313,=LSp,220,493,264
2,1,women313,=StSq,20,55,289
1,2,women313,=StSq,45,110,289
2,3,women313,=StSq,70,165,289
2,4,women313,=StSq,95,220,289
1,5,women313,=StSq,120,275,289
2,6,women313,=StSq,145,330,289
1,7,women313,=StSq,170,385,289
1,8,women313,=StSq,195,440,289
1,9,women313,=StSq,220,495,289
2,1,women40,=2A,21,4,19
2,2,women40,=2A,46,59,19
2,3,women40,=2A,71,114,19
2,4,women40,=2A,96,169,19
2,5,women40,=2A,121,224,19
3,6,women40,=2A,146,279,19
2,7,women40,=2A,171,334,19
3,8,women40,=2A,196,389,19
2,9,women40,=2A,221,444,19
-2,1,women40,=2A+3T,21,7,35
0,2,women40,=2A+3T,46,62,35
-2,3,women40,=2A+3T,71,117,35
-1,4,women40,=2A+3T,96,172,35
-1,5,women40,=2A+3T,121,227,35
1,6,women40,=2A+3T,146,282,35
-2,7,women40,=2A+3T,171,337,35
0,8,women40,=2A+3T,196,392,35
0,9,women40,=2A+3T,221,447,35
-2,1,women40,=3A,21,11,41
-1,2,women40,=3A,46,66,41
-2,3,women40,=3A,71,121,41
-2,4,women40,=3A,96,176,41
-2,5,women40,=3A,121,231,41
0,6,women40,=3A,146,286,41
-2,7,women40,=3A,171,341,41
-2,8,women40,=3A,196,396,41
-1,9,women40,=3A,221,451,41
-1,1,women40,=3F,21,12,59
1,2,women40,=3F,46,67,59
0,3,women40,=3F,71,122,59
1,4,women40,=3F,96,177,59
1,5,women40,=3F,121,232,59
1,6,women40,=3F,146,287,59
1,7,women40,=3F,171,342,59
1,8,women40,=3F,196,397,59
2,9,women40,=3F,221,452,59
2,1,women40,=3Lo,21,20,88
3,2,women40,=3Lo,46,75,88
2,3,women40,=3Lo,71,130,88
3,4,women40,=3Lo,96,185,88
3,5,women40,=3Lo,121,240,88
3,6,women40,=3Lo,146,295,88
2,7,women40,=3Lo,171,350,88
3,8,women40,=3Lo,196,405,88
3,9,women40,=3Lo,221,460,88
1,1,women40,=3Lz+1Eu+3S,21,28,116
3,2,women40,=3Lz+1Eu+3S,46,83,116
2,3,women40,=3Lz+1Eu+3S,71,138,116
3,4,women40,=3Lz+1Eu+3S,96,193,116
3,5,women40,=3Lz+1Eu+3S,121,248,116
3,6,women40,=3Lz+1Eu+3S,146,303,116
2,7,women40,=3Lz+1Eu+3S,171,358,116
3,8,women40,=3Lz+1Eu+3S,196,413,116
3,9,women40,=3Lz+1Eu+3S,221,468,116
-1,1,women40,=3Lz+3T,21,33,135
0,2,women40,=3Lz+3T,46,88,135
-2,3,women40,=3Lz+3T,71,143,135
0,4,women40,=3Lz+3T,96,198,135
0,5,women40,=3Lz+3T,121,253,135
0,6,women40,=3Lz+3T,146,308,135
0,7,women40,=3Lz+3T,171,363,135
1,8,women40,=3Lz+3T,196,418,135
0,9,women40,=3Lz+3T,221,473,135
3,1,women40,=CCoSp,21,47,190
3,2,women40,=CCoSp,46,102,190
2,3,women40,=CCoSp,71,157,190
3,4,women40,=CCoSp,96,212,190
3,5,women40,=CCoSp,121,267,190
3,6,women40,=CCoSp,146,322,190
3,7,women40,=CCoSp,171,377,190
3,8,women40,=CCoSp,196,432,190
3,9,women40,=CCoSp,221,487,190
3,1,women40,=ChSq,21,48,215
4,2,women40,=ChSq,46,103,215
3,3,women40,=ChSq,71,158,215
3,4,women40,=ChSq,96,213,215
4,5,women40,=ChSq,121,268,215
3,6,women40,=ChSq,146,323,215
3,7,women40,=ChSq,171,378,215
4,8,women40,=ChSq,196,433,215
2,9,women40,=ChSq,221,488,215
2,1,women40,=FCCoSp,21,49,234
3,2,women40,=FCCoSp,46,104,234
2,3,women40,=FCCoSp,71,159,234
3,4,women40,=FCCoSp,96,214,234
3,5,women40,=FCCoSp,121,269,234
3,6,women40,=FCCoSp,146,324,234
2,7,women40,=FCCoSp,171,379,234
2,8,women40,=FCCoSp,196,434,234
3,9,women40,=FCCoSp,221,489,234
2,1,women40,=LSp,21,53,265
3,2,women40,=LSp,46,108,265
2,3,women40,=LSp,71,163,265
3,4,women40,=LSp,96,218,265
3,5,women40,=LSp,121,273,265
3,6,women40,=LSp,146,328,265
3,7,women40,=LSp,171,383,265
3,8,women40,=LSp,196,438,265
3,9,women40,=LSp,221,493,265
2,1,women40,=StSq,21,55,290
3,2,women40,=StSq,46,110,290
2,3,women40,=StSq,71,165,290
2,4,women40,=StSq,96,220,290
3,5,women40,=StSq,121,275,290
3,6,women40,=StSq,146,330,290
2,7,women40,=StSq,171,385,290
3,8,women40,=StSq,196,440,290
2,9,women40,=StSq,221,495,290
-3,1,women53,=3A,22,11,42
-4,2,women53,=3A,47,66,42
-5,3,women53,=3A,72,121,42
-4,4,women53,=3A,97,176,42
-5,5,women53,=3A,122,231,42
-5,6,women53,=3A,147,286,42
-5,7,women53,=3A,172,341,42
-5,8,women53,=3A,197,396,42
-4,9,women53,=3A,222,451,42
3,1,women53,=3F+3T,22,19,73
3,2,women53,=3F+3T,47,74,73
3,3,women53,=3F+3T,72,129,73
3,4,women53,=3F+3T,97,184,73
3,5,women53,=3F+3T,122,239,73
3,6,women53,=3F+3T,147,294,73
3,7,women53,=3F+3T,172,349,73
4,8,women53,=3F+3T,197,404,73
3,9,women53,=3F+3T,222,459,73
3,1,women53,=3Lo,22,20,89
3,2,women53,=3Lo,47,75,89
2,3,women53,=3Lo,72,130,89
3,4,women53,=3Lo,97,185,89
2,5,women53,=3Lo,122,240,89
3,6,women53,=3Lo,147,295,89
3,7,women53,=3Lo,172,350,89
3,8,women53,=3Lo,197,405,89
3,9,women53,=3Lo,222,460,89
-2,1,women53,=3Lz+3T,22,33,136
-3,2,women53,=3Lz+3T,47,88,136
-2,3,women53,=3Lz+3T,72,143,136
-2,4,women53,=3Lz+3T,97,198,136
-1,5,women53,=3Lz+3T,122,253,136
-3,6,women53,=3Lz+3T,147,308,136
-2,7,women53,=3Lz+3T,172,363,136
-1,8,women53,=3Lz+3T,197,418,136
-1,9,women53,=3Lz+3T,222,473,136
-1,1,women53,=4S,22,44,166
-1,2,women53,=4S,47,99,166
-2,3,women53,=4S,72,154,166
-1,4,women53,=4S,97,209,166
-1,5,women53,=4S,122,264,166
-1,6,women53,=4S,147,319,166
-2,7,women53,=4S,172,374,166
-2,8,women53,=4S,197,429,166
0,9,women53,=4S,222,484,166
-5,1,women53,=4T,22,45,168
-5,2,women53,=4T,47,100,168
-5,3,women53,=4T,72,155,168
-5,4,women53,=4T,97,210,168
-5,5,women53,=4T,122,265,168
-4,6,women53,=4T,147,320,168
-5,7,women53,=4T,172,375,168
-5,8,women53,=4T,197,430,168
-5,9,women53,=4T,222,485,168
-5,1,women53,=4T+SEQ+3S,22,46,169
-5,2,women53,=4T+SEQ+3S,47,101,169
-5,3,women53,=4T+SEQ+3S,72,156,169
-5,4,women53,=4T+SEQ+3S,97,211,169
-5,5,women53,=4T+SEQ+3S,122,266,169
-5,6,women53,=4T+SEQ+3S,147,321,169
-5,7,women53,=4T+SEQ+3S,172,376,169
-5,8,women53,=4T+SEQ+3S,197,431,169
-5,9,women53,=4T+SEQ+3S,222,486,169
2,1,women53,=CCoSp,22,47,191
4,2,women53,=CCoSp,47,102,191
3,3,women53,=CCoSp,72,157,191
4,4,women53,=CCoSp,97,212,191
3,5,women53,=CCoSp,122,267,191
4,6,women53,=CCoSp,147,322,191
2,7,women53,=CCoSp,172,377,191
4,8,women53,=CCoSp,197,432,191
3,9,women53,=CCoSp,222,487,191
4,1,women53,=ChSq,22,48,216
4,2,women53,=ChSq,47,103,216
4,3,women53,=ChSq,72,158,216
4,4,women53,=ChSq,97,213,216
4,5,women53,=ChSq,122,268,216
4,6,women53,=ChSq,147,323,216
5,7,women53,=ChSq,172,378,216
4,8,women53,=ChSq,197,433,216
5,9,women53,=ChSq,222,488,216
5,1,women53,=FCCoSp,22,49,235
4,2,women53,=FCCoSp,47,104,235
3,3,women53,=FCCoSp,72,159,235
4,4,women53,=FCCoSp,97,214,235
5,5,women53,=FCCoSp,122,269,235
4,6,women53,=FCCoSp,147,324,235
4,7,women53,=FCCoSp,172,379,235
5,8,women53,=FCCoSp,197,434,235
4,9,women53,=FCCoSp,222,489,235
4,1,women53,=FCSp,22,51,248
4,2,women53,=FCSp,47,106,248
4,3,women53,=FCSp,72,161,248
5,4,women53,=FCSp,97,216,248
5,5,women53,=FCSp,122,271,248
4,6,women53,=FCSp,147,326,248
4,7,women53,=FCSp,172,381,248
4,8,women53,=FCSp,197,436,248
4,9,women53,=FCSp,222,491,248
4,1,women53,=StSq,22,55,291
4,2,women53,=StSq,47,110,291
3,3,women53,=StSq,72,165,291
4,4,women53,=StSq,97,220,291
3,5,women53,=StSq,122,275,291
4,6,women53,=StSq,147,330,291
3,7,women53,=StSq,172,385,291
3,8,women53,=StSq,197,440,291
2,9,women53,=StSq,222,495,291
2,1,women66,=2A,23,4,20
2,2,women66,=2A,48,59,20
2,3,women66,=2A,73,114,20
2,4,women66,=2A,98,169,20
2,5,women66,=2A,123,224,20
4,6,women66,=2A,148,279,20
3,7,women66,=2A,173,334,20
4,8,women66,=2A,198,389,20
2,9,women66,=2A,223,444,20
1,1,women66,=3A,23,11,43
1,2,women66,=3A,48,66,43
3,3,women66,=3A,73,121,43
3,4,women66,=3A,98,176,43
3,5,women66,=3A,123,231,43
2,6,women66,=3A,148,286,43
2,7,women66,=3A,173,341,43
3,8,women66,=3A,198,396,43
2,9,women66,=3A,223,451,43
-2,1,women66,=3F,23,12,60
-1,2,women66,=3F,48,67,60
-2,3,women66,=3F,73,122,60
-1,4,women66,=3F,98,177,60
0,5,women66,=3F,123,232,60
0,6,women66,=3F,148,287,60
-1,7,women66,=3F,173,342,60
-1,8,women66,=3F,198,397,60
1,9,women66,=3F,223,452,60
1,1,women66,=3Lo+2T+2Lo,23,24,98
2,2,women66,=3Lo+2T+2Lo,48,79,98
1,3,women66,=3Lo+2T+2Lo,73,134,98
2,4,women66,=3Lo+2T+2Lo,98,189,98
2,5,women66,=3Lo+2T+2Lo,123,244,98
2,6,women66,=3Lo+2T+2Lo,148,299,98
2,7,women66,=3Lo+2T+2Lo,173,354,98
2,8,women66,=3Lo+2T+2Lo,198,409,98
3,9,women66,=3Lo+2T+2Lo,223,464,98
-5,1,women66,=3Lz+3T,23,33,137
-5,2,women66,=3Lz+3T,48,88,137
-5,3,women66,=3Lz+3T,73,143,137
-5,4,women66,=3Lz+3T,98,198,137
-5,5,women66,=3Lz+3T,123,253,137
-5,6,women66,=3Lz+3T,148,308,137
-5,7,women66,=3Lz+3T,173,363,137
-5,8,women66,=3Lz+3T,198,418,137
-5,9,women66,=3Lz+3T,223,473,137
2,1,women66,=3S,23,34,148
2,2,women66,=3S,48,89,148
2,3,women66,=3S,73,144,148
2,4,women66,=3S,98,199,148
2,5,women66,=3S,123,254,148
3,6,women66,=3S,148,309,148
2,7,women66,=3S,173,364,148
2,8,women66,=3S,198,419,148
2,9,women66,=3S,223,474,148
2,1,women66,=CCoSp,23,47,192
3,2,women66,=CCoSp,48,102,192
2,3,women66,=CCoSp,73,157,192
2,4,women66,=CCoSp,98,212,192
3,5,women66,=CCoSp,123,267,192
3,6,women66,=CCoSp,148,322,192
3,7,women66,=CCoSp,173,377,192
2,8,women66,=CCoSp,198,432,192
3,9,women66,=CCoSp,223,487,192
3,1,women66,=ChSq,23,48,217
3,2,women66,=ChSq,48,103,217
3,3,women66,=ChSq,73,158,217
4,4,women66,=ChSq,98,213,217
4,5,women66,=ChSq,123,268,217
4,6,women66,=ChSq,148,323,217
4,7,women66,=ChSq,173,378,217
3,8,women66,=ChSq,198,433,217
4,9,women66,=ChSq,223,488,217
2,1,women66,=FCCoSp,23,49,236
3,2,women66,=FCCoSp,48,104,236
2,3,women66,=FCCoSp,73,159,236
3,4,women66,=FCCoSp,98,214,236
3,5,women66,=FCCoSp,123,269,236
3,6,women66,=FCCoSp,148,324,236
3,7,women66,=FCCoSp,173,379,236
3,8,women66,=FCCoSp,198,434,236
3,9,women66,=FCCoSp,223,489,236
2,1,women66,=FCSp,23,51,249
2,2,women66,=FCSp,48,106,249
1,3,women66,=FCSp,73,161,249
2,4,women66,=FCSp,98,216,249
2,5,women66,=FCSp,123,271,249
2,6,women66,=FCSp,148,326,249
2,7,women66,=FCSp,173,381,249
2,8,women66,=FCSp,198,436,249
2,9,women66,=FCSp,223,491,249
3,1,women66,=StSq,23,55,292
3,2,women66,=StSq,48,110,292
2,3,women66,=StSq,73,165,292
4,4,women66,=StSq,98,220,292
4,5,women66,=StSq,123,275,292
3,6,women66,=StSq,148,330,292
4,7,women66,=StSq,173,385,292
4,8,women66,=StSq,198,440,292
4,9,women66,=StSq,223,495,292
2,1,women79,=2A,24,4,21
2,2,women79,=2A,49,59,21
2,3,women79,=2A,74,114,21
2,4,women79,=2A,99,169,21
1,5,women79,=2A,124,224,21
2,6,women79,=2A,149,279,21
2,7,women79,=2A,174,334,21
3,8,women79,=2A,199,389,21
3,9,women79,=2A,224,444,21
-3,1,women79,=3A,24,11,44
-4,2,women79,=3A,49,66,44
-4,3,women79,=3A,74,121,44
-3,4,women79,=3A,99,176,44
-3,5,women79,=3A,124,231,44
-3,6,women79,=3A,149,286,44
-3,7,women79,=3A,174,341,44
-4,8,women79,=3A,199,396,44
-3,9,women79,=3A,224,451,44
2,1,women79,=3F,24,12,61
2,2,women79,=3F,49,67,61
2,3,women79,=3F,74,122,61
3,4,women79,=3F,99,177,61
2,5,women79,=3F,124,232,61
3,6,women79,=3F,149,287,61
2,7,women79,=3F,174,342,61
3,8,women79,=3F,199,397,61
3,9,women79,=3F,224,452,61
0,1,women79,=3F+2T,24,15,65
0,2,women79,=3F+2T,49,70,65
-1,3,women79,=3F+2T,74,125,65
0,4,women79,=3F+2T,99,180,65
0,5,women79,=3F+2T,124,235,65
0,6,women79,=3F+2T,149,290,65
0,7,women79,=3F+2T,174,345,65
-1,8,women79,=3F+2T,199,400,65
1,9,women79,=3F+2T,224,455,65
2,1,women79,=3Lo,24,20,90
2,2,women79,=3Lo,49,75,90
2,3,women79,=3Lo,74,130,90
2,4,women79,=3Lo,99,185,90
2,5,women79,=3Lo,124,240,90
3,6,women79,=3Lo,149,295,90
2,7,women79,=3Lo,174,350,90
3,8,women79,=3Lo,199,405,90
2,9,women79,=3Lo,224,460,90
1,1,women79,=3Lz+1Eu+3S,24,28,117
2,2,women79,=3Lz+1Eu+3S,49,83,117
1,3,women79,=3Lz+1Eu+3S,74,138,117
2,4,women79,=3Lz+1Eu+3S,99,193,117
2,5,women79,=3Lz+1Eu+3S,124,248,117
2,6,women79,=3Lz+1Eu+3S,149,303,117
1,7,women79,=3Lz+1Eu+3S,174,358,117
2,8,women79,=3Lz+1Eu+3S,199,413,117
2,9,women79,=3Lz+1Eu+3S,224,468,117
1,1,women79,=3Lz+3T,24,33,138
1,2,women79,=3Lz+3T,49,88,138
1,3,women79,=3Lz+3T,74,143,138
2,4,women79,=3Lz+3T,99,198,138
2,5,women79,=3Lz+3T,124,253,138
2,6,women79,=3Lz+3T,149,308,138
2,7,women79,=3Lz+3T,174,363,138
3,8,women79,=3Lz+3T,199,418,138
3,9,women79,=3Lz+3T,224,473,138
3,1,women79,=CCoSp,24,47,193
3,2,women79,=CCoSp,49,102,193
3,3,women79,=CCoSp,74,157,193
2,4,women79,=CCoSp,99,212,193
3,5,women79,=CCoSp,124,267,193
3,6,women79,=CCoSp,149,322,193
3,7,women79,=CCoSp,174,377,193
3,8,women79,=CCoSp,199,432,193
3,9,women79,=CCoSp,224,487,193
2,1,women79,=ChSq,24,48,218
3,2,women79,=ChSq,49,103,218
3,3,women79,=ChSq,74,158,218
3,4,women79,=ChSq,99,213,218
3,5,women79,=ChSq,124,268,218
3,6,women79,=ChSq,149,323,218
2,7,women79,=ChSq,174,378,218
3,8,women79,=ChSq,199,433,218
3,9,women79,=ChSq,224,488,218
3,1,women79,=FCCoSp,24,49,237
2,2,women79,=FCCoSp,49,104,237
2,3,women79,=FCCoSp,74,159,237
3,4,women79,=FCCoSp,99,214,237
3,5,women79,=FCCoSp,124,269,237
3,6,women79,=FCCoSp,149,324,237
2,7,women79,=FCCoSp,174,379,237
3,8,women79,=FCCoSp,199,434,237
3,9,women79,=FCCoSp,224,489,237
2,1,women79,=LSp,24,53,266
4,2,women79,=LSp,49,108,266
3,3,women79,=LSp,74,163,266
4,4,women79,=LSp,99,218,266
4,5,women79,=LSp,124,273,266
4,6,women79,=LSp,149,328,266
4,7,women79,=LSp,174,383,266
4,8,women79,=LSp,199,438,266
5,9,women79,=LSp,224,493,266
3,1,women79,=StSq,24,55,293
2,2,women79,=StSq,49,110,293
3,3,women79,=StSq,74,165,293
3,4,women79,=StSq,99,220,293
2,5,women79,=StSq,124,275,293
3,6,women79,=StSq,149,330,293
2,7,women79,=StSq,174,385,293
2,8,women79,=StSq,199,440,293
2,9,women79,=StSq,224,495,293
2,1,women92,=2A,25,4,22
2,2,women92,=2A,50,59,22
1,3,women92,=2A,75,114,22
2,4,women92,=2A,100,169,22
1,5,women92,=2A,125,224,22
2,6,women92,=2A,150,279,22
1,7,women92,=2A,175,334,22
2,8,women92,=2A,200,389,22
3,9,women92,=2A,225,444,22
3,1,women92,=3F+2A+SEQ,25,14,63
3,2,women92,=3F+2A+SEQ,50,69,63
3,3,women92,=3F+2A+SEQ,75,124,63
3,4,women92,=3F+2A+SEQ,100,179,63
3,5,women92,=3F+2A+SEQ,125,234,63
3,6,women92,=3F+2A+SEQ,150,289,63
2,7,women92,=3F+2A+SEQ,175,344,63
3,8,women92,=3F+2A+SEQ,200,399,63
3,9,women92,=3F+2A+SEQ,225,454,63
-1,1,women92,=3F+2T,25,15,66
0,2,women92,=3F+2T,50,70,66
-2,3,women92,=3F+2T,75,125,66
0,4,women92,=3F+2T,100,180,66
-1,5,women92,=3F+2T,125,235,66
0,6,women92,=3F+2T,150,290,66
-1,7,women92,=3F+2T,175,345,66
0,8,women92,=3F+2T,200,400,66
1,9,women92,=3F+2T,225,455,66
1,1,women92,=3Lo,25,20,91
1,2,women92,=3Lo,50,75,91
1,3,women92,=3Lo,75,130,91
0,4,women92,=3Lo,100,185,91
0,5,women92,=3Lo,125,240,91
2,6,women92,=3Lo,150,295,91
1,7,women92,=3Lo,175,350,91
0,8,women92,=3Lo,200,405,91
1,9,women92,=3Lo,225,460,91
2,1,women92,=3Lz,25,26,112
3,2,women92,=3Lz,50,81,112
2,3,women92,=3Lz,75,136,112
3,4,women92,=3Lz,100,191,112
3,5,women92,=3Lz,125,246,112
3,6,women92,=3Lz,150,301,112
1,7,women92,=3Lz,175,356,112
3,8,women92,=3Lz,200,411,112
3,9,women92,=3Lz,225,466,112
-1,1,women92,=3Lz+2T+2Lo,25,30,126
0,2,women92,=3Lz+2T+2Lo,50,85,126
-1,3,women92,=3Lz+2T+2Lo,75,140,126
0,4,women92,=3Lz+2T+2Lo,100,195,126
-1,5,women92,=3Lz+2T+2Lo,125,250,126
0,6,women92,=3Lz+2T+2Lo,150,305,126
-1,7,women92,=3Lz+2T+2Lo,175,360,126
-2,8,women92,=3Lz+2T+2Lo,200,415,126
0,9,women92,=3Lz+2T+2Lo,225,470,126
-2,1,women92,=3S,25,34,149
-1,2,women92,=3S,50,89,149
-1,3,women92,=3S,75,144,149
-2,4,women92,=3S,100,199,149
-2,5,women92,=3S,125,254,149
-2,6,women92,=3S,150,309,149
-2,7,women92,=3S,175,364,149
-2,8,women92,=3S,200,419,149
-1,9,women92,=3S,225,474,149
3,1,women92,=CCoSp,25,47,194
3,2,women92,=CCoSp,50,102,194
3,3,women92,=CCoSp,75,157,194
4,4,women92,=CCoSp,100,212,194
4,5,women92,=CCoSp,125,267,194
4,6,women92,=CCoSp,150,322,194
3,7,women92,=CCoSp,175,377,194
4,8,women92,=CCoSp,200,432,194
3,9,women92,=CCoSp,225,487,194
3,1,women92,=ChSq,25,48,219
3,2,women92,=ChSq,50,103,219
3,3,women92,=ChSq,75,158,219
4,4,women92,=ChSq,100,213,219
4,5,women92,=ChSq,125,268,219
3,6,women92,=ChSq,150,323,219
3,7,women92,=ChSq,175,378,219
4,8,women92,=ChSq,200,433,219
3,9,women92,=ChSq,225,488,219
2,1,women92,=FCCoSp,25,49,238
3,2,women92,=FCCoSp,50,104,238
3,3,women92,=FCCoSp,75,159,238
2,4,women92,=FCCoSp,100,214,238
3,5,women92,=FCCoSp,125,269,238
3,6,women92,=FCCoSp,150,324,238
2,7,women92,=FCCoSp,175,379,238
3,8,women92,=FCCoSp,200,434,238
2,9,women92,=FCCoSp,225,489,238
3,1,women92,=LSp,25,53,267
3,2,women92,=LSp,50,108,267
4,3,women92,=LSp,75,163,267
3,4,women92,=LSp,100,218,267
4,5,women92,=LSp,125,273,267
3,6,women92,=LSp,150,328,267
4,7,women92,=LSp,175,383,267
4,8,women92,=LSp,200,438,267
4,9,women92,=LSp,225,493,267
3,1,women92,=StSq,25,55,294
3,2,women92,=StSq,50,110,294
4,3,women92,=StSq,75,165,294
3,4,women92,=StSq,100,220,294
3,5,women92,=StSq,125,275,294
3,6,women92,=StSq,150,330,294
2,7,women92,=StSq,175,385,294
4,8,women92,=StSq,200,440,294
3,9,women92,=StSq,225,495,294
